"Ad Set Name",Day,"Ad Set ID","Delivery Status","Delivery Level","Relevance Score","Campaign Name","CPM (Cost per 1,000 Impressions)",Reach,Impressions,"CTR (Link Click-Through Rate)","CPC (Cost per Link Click)","Amount Spent (USD)","Result Type","Cost per Result","Landing Page Views","Adds to Cart","Website Adds to Cart","Checkouts Initiated","Website Checkouts Initiated","Adds of Payment Info","Website Adds of Payment Info","Link Clicks","Website Purchases","Website Purchases Conversion Value","Website Purchase ROAS (Return on Ad Spend)","Reporting Starts","Reporting Ends"
"SG_shopping_1113 - ahaold - Copy 4",2018-11-25,23843041171310116,not_delivering,adset,,ERL2-shopify-1111-SGbasiccopy,6.69746215,8500,8984,1.4247551202137,0.47007813,60.17,"Website Purchases",60.17,111,22,22,16,16,1,1,128,1,49,0.81435932,2018-11-25,2018-11-25
"SG_shopping_1113 - ahaold - Copy 4",2018-11-26,23843041171310116,not_delivering,adset,,ERL2-shopify-1111-SGbasiccopy,6.07228664,9044,9573,1.1490650788676,0.52845455,58.13,"Website Purchases",58.13,87,8,8,4,4,1,1,110,1,49,0.84293824,2018-11-26,2018-11-26
"SG_shopping_1113 - ahaold - Copy 4",2018-11-23,23843041171310116,not_delivering,adset,,ERL2-shopify-1111-SGbasiccopy,6.72313762,8133,8618,1.6361104664655,0.41092199,57.94,"Website Purchases",19.313333333333,114,18,18,19,19,3,3,141,3,147,2.53710735,2018-11-23,2018-11-23
"SG_shopping_1113 - ahaold - Copy 4",2018-11-24,23843041171310116,not_delivering,adset,,ERL2-shopify-1111-SGbasiccopy,8.67887409,6250,6608,1.9824455205811,0.43778626,57.35,"Website Purchases",11.47,103,18,18,18,18,3,3,131,5,245,4.27201395,2018-11-24,2018-11-24
"SG_shopping_1112 - aha1110 - Copy 2",2018-11-21,23843038817540116,inactive,adset,,ERL2-shopify-1111-SGbasiccopy,6.25547354,7905,7993,0.97585387213812,0.64102564,50,"Website Purchases",,63,12,12,9,9,,,78,,,,2018-11-21,2018-11-21
"EUgood_indie2%_only_1130 - aha1",2018-12-01,23843066303410116,active,adset,,ERL2-shopify-1130-EUtest,5.95742122,8314,8314,2.189078662497,0.27214286,49.53,"Website Purchases",49.53,132,10,10,5,5,1,1,182,1,49,0.98929941,2018-12-01,2018-12-01
"SG_shopping_1113 - ahaold - Copy 4",2018-11-22,23843041171310116,not_delivering,adset,,ERL2-shopify-1111-SGbasiccopy,4.98079518,9339,9633,1.1938129347036,0.41721739,47.98,"Website Purchases",11.995,99,19,19,17,17,4,4,115,4,196,4.08503543,2018-11-22,2018-11-22
"SG_shopping_1112 - aha1110 - Copy 2",2018-11-23,23843038817540116,inactive,adset,,ERL2-shopify-1111-SGbasiccopy,10.34982175,4152,4488,2.517825311943,0.41106195,46.45,"Website Purchases",46.45,93,22,22,18,18,1,1,113,1,147,3.16469322,2018-11-23,2018-11-23
"SG_shopping_1112 - aha1110 - Copy 2",2018-11-22,23843038817540116,inactive,adset,,ERL2-shopify-1111-SGbasiccopy,7.28544483,5995,6362,1.6661427224143,0.43726415,46.35,"Website Purchases",,86,14,14,9,9,,,106,,,,2018-11-22,2018-11-22
"SG_shopping_1112 - aha1110 - Copy 2",2018-11-24,23843038817540116,inactive,adset,,ERL2-shopify-1111-SGbasiccopy,10.4663799,4152,4417,2.3092596785148,0.45323529,46.23,"Website Purchases",15.41,88,16,16,13,13,1,1,102,3,147,3.17975341,2018-11-24,2018-11-24
"SG_shopping_1112 - aha1110 - Copy 2",2018-11-20,23843038817540116,inactive,adset,,ERL2-shopify-1111-SGbasiccopy,6.03717367,6783,7048,1.177639046538,0.5126506,42.55,"Website Purchases",42.55,68,9,9,9,9,,,83,1,49,1.15158637,2018-11-20,2018-11-20
US_indie1%_1023-land2-copy,2018-11-11,23843001730820116,inactive,adset,,ERL2-shopify-1023-USbasicopy,15.2559727,2531,2637,3.9438756162306,0.38682692,40.23,"Website Purchases",,87,3,3,3,3,,,104,,,,2018-11-11,2018-11-11
"SG_shopping_1112 - aha1110 - Copy 2",2018-11-14,23843038817540116,inactive,adset,,ERL2-shopify-1111-SGbasiccopy,6.57401316,5809,6080,1.6118421052632,0.40785714,39.97,"Website Purchases",9.9925,88,21,21,18,18,3,3,98,4,196,4.90367776,2018-11-14,2018-11-14
"SG_shopping_1112 - aha1110 - Copy 2",2018-11-15,23843038817540116,inactive,adset,,ERL2-shopify-1111-SGbasiccopy,7.2199095,5342,5525,1.5746606334842,0.45850575,39.89,"Website Purchases",,72,9,9,8,8,,,87,,,,2018-11-15,2018-11-15
"SG_shopping_1112 - aha1110 - Copy 2",2018-11-25,23843038817540116,inactive,adset,,ERL2-shopify-1111-SGbasiccopy,8.32532888,4548,4789,1.9419503027772,0.42870968,39.87,"Website Purchases",39.87,74,10,10,7,7,1,1,93,1,49,1.22899423,2018-11-25,2018-11-25
"EUgood_ERLpurchase1%_only_1130 - aha1",2018-12-01,23843066303860116,active,adset,,ERL2-shopify-1130-EUtest,7.51951266,5138,5253,2.2463354273748,0.33474576,39.5,"Website Purchases",39.5,109,7,7,3,3,1,1,118,1,49,1.24050633,2018-12-01,2018-12-01
"SG_shopping_1112 - aha1110 - Copy 2",2018-11-26,23843038817540116,inactive,adset,,ERL2-shopify-1111-SGbasiccopy,7.64915053,4841,5062,1.5408929276966,0.49641026,38.72,"Website Purchases",,63,6,6,3,3,,,78,,,,2018-11-26,2018-11-26
"SG_shopping_1112 - aha1110 - Copy 2",2018-11-16,23843038817540116,inactive,adset,,ERL2-shopify-1111-SGbasiccopy,7.29123468,5004,5305,1.6211121583412,0.44976744,38.68,"Website Purchases",38.68,69,12,12,9,9,1,1,86,1,49,1.26680455,2018-11-16,2018-11-16
"SG_shopping_1112 - aha1110 - Copy 2",2018-11-13,23843038817540116,inactive,adset,,ERL2-shopify-1111-SGbasiccopy,5.73529412,6124,6528,1.2867647058824,0.44571429,37.44,"Website Purchases",12.48,71,14,14,12,12,3,3,84,3,147,3.92628205,2018-11-13,2018-11-13
US_ERLpurchase3%_1120-ahaold,2018-11-22,23843051910740116,inactive,adset,,ERL2-shopify-1119-Lookalike3%-test,11.56713956,2957,3031,2.5734081161333,0.44948718,35.06,"Website Purchases",35.06,65,3,3,5,5,1,1,78,1,49,1.39760411,2018-11-22,2018-11-22
US_ERLpurchase2%_1113-ahaold,2018-11-30,23843041211550116,inactive,adset,,ERL2-shopify-1113-Lookalike2%-test,19.07901907,1760,1835,3.5967302452316,0.53045455,35.01,"Website Purchases",,55,2,2,3,3,,,66,,,,2018-11-30,2018-11-30
"SG_shopping_1113 - ahaold - Copy 3",2018-11-21,23843041171340116,not_delivering,adset,,ERL2-shopify-1111-SGbasiccopy,5.94175749,5806,5872,1.0899182561308,0.54515625,34.89,"Website Purchases",34.89,51,8,8,7,7,,,64,1,49,1.40441387,2018-11-21,2018-11-21
"SG_shopping_1113 - ahaold - Copy 3",2018-11-24,23843041171340116,not_delivering,adset,,ERL2-shopify-1111-SGbasiccopy,9.73109244,3385,3570,1.6806722689076,0.579,34.74,"Website Purchases",34.74,52,8,8,8,8,1,1,60,1,49,1.41047784,2018-11-24,2018-11-24
"SG_shopping_1113 - ahaold - Copy 3",2018-11-23,23843041171340116,not_delivering,adset,,ERL2-shopify-1111-SGbasiccopy,8.8346056,3668,3930,1.9847328244275,0.44512821,34.72,"Website Purchases",11.573333333333,71,14,14,11,11,3,3,78,3,147,4.23387097,2018-11-23,2018-11-23
"SG_shopping_1113 - ahaold - Copy 3",2018-11-22,23843041171340116,not_delivering,adset,,ERL2-shopify-1111-SGbasiccopy,6.15098352,5360,5643,1.7012227538543,0.3615625,34.71,"Website Purchases",,81,21,21,19,19,3,3,96,,,,2018-11-22,2018-11-22
US_ERLpurchase3%_1125-aha,2018-11-29,23843059358330116,active,adset,,ERL2-shopify-1026-UStest,11.27680312,2998,3078,3.9311241065627,0.2868595,34.71,"Website Purchases",17.355,103,4,4,5,5,3,3,121,2,98,2.82339383,2018-11-29,2018-11-29
US_ERLpurchase2%_1113-ahaold,2018-11-22,23843041211550116,inactive,adset,,ERL2-shopify-1113-Lookalike2%-test,10.35223881,3303,3350,2.0597014925373,0.5026087,34.68,"Website Purchases",34.68,59,2,2,2,2,1,1,69,1,49,1.41291811,2018-11-22,2018-11-22
"US_ERLpurchase1%_1112 - feature - Copy 3",2018-11-23,23843038817100116,inactive,adset,,ERL2-shopify-1029-Lookalike1%-test,12.08653175,2797,2866,3.4542916957432,0.34989899,34.64,"Website Purchases",,79,6,6,2,2,,,99,,,,2018-11-23,2018-11-23
US_ERLpurchase3%_1125-aha,2018-11-30,23843059358330116,active,adset,,ERL2-shopify-1026-UStest,14.67769296,2291,2358,3.8592027141645,0.38032967,34.61,"Website Purchases",34.61,80,3,3,3,3,,,91,1,49,1.41577579,2018-11-30,2018-11-30
US_ERLpurchase2%_1113-ahaold,2018-11-23,23843041211550116,inactive,adset,,ERL2-shopify-1113-Lookalike2%-test,9.78506787,3496,3536,1.6685520361991,0.58644068,34.6,"Website Purchases",,53,3,3,,,,,59,,,,2018-11-23,2018-11-23
"US_ERLpurchase1%_1112 - feature - Copy 3",2018-11-22,23843038817100116,inactive,adset,,ERL2-shopify-1029-Lookalike1%-test,13.2096404,2563,2614,3.5195103289977,0.37532609,34.53,"Website Purchases",34.53,76,10,10,5,5,1,1,92,1,49,1.41905589,2018-11-22,2018-11-22
"SG_shopping_1113 - ahaold - schedule 4",2018-11-15,23843041189620116,inactive,adset,,ERL2-shopify-1111-SGbasiccopy,7.3032752,4545,4702,1.6588685665674,0.44025641,34.34,"Website Purchases",,61,8,8,6,6,,,78,,,,2018-11-15,2018-11-15
US_ERLpurchase3%_1125-aha,2018-12-01,23843059358330116,active,adset,,ERL2-shopify-1026-UStest,23.04172275,1447,1486,5.0471063257066,0.45653333,34.24,"Website Purchases",34.24,62,5,5,3,3,1,1,75,1,49,1.43107477,2018-12-01,2018-12-01
"SG_shopping_1113 - ahaold - Copy 4",2018-11-20,23843041171310116,not_delivering,adset,,ERL2-shopify-1111-SGbasiccopy,5.45454545,5958,6259,1.645630292379,0.33145631,34.14,"Website Purchases",11.38,86,25,25,18,18,3,3,103,3,147,4.30579965,2018-11-20,2018-11-20
US_ERLpurchase2%_1113-ahaold,2018-11-29,23843041211550116,inactive,adset,,ERL2-shopify-1113-Lookalike2%-test,11.49932615,2908,2968,3.5377358490566,0.32504762,34.13,"Website Purchases",,88,6,6,,,,,105,,,,2018-11-29,2018-11-29
"SG_shopping_1113 - ahaold - schedule 4",2018-11-14,23843041189620116,inactive,adset,,ERL2-shopify-1111-SGbasiccopy,6.5133731,4912,5197,1.3469309216856,0.48357143,33.85,"Website Purchases",33.85,62,6,6,6,6,2,2,70,1,49,1.44756278,2018-11-14,2018-11-14
US_ERLpurchase2%_only_1130-aha,2018-12-01,23843066298620116,inactive,adset,,ERL2-shopify-1026-UStest,20.50679852,1561,1618,3.831891223733,0.53516129,33.18,"Website Purchases",,56,3,3,4,4,,,62,,,,2018-12-01,2018-12-01
"SG_shopping_1113 - ahaold - schedule 5",2018-11-14,23843041189650116,inactive,adset,,ERL2-shopify-1111-SGbasiccopy,6.01971882,5371,5477,1.4241373014424,0.42269231,32.97,"Website Purchases",,68,6,6,4,4,,,78,,,,2018-11-14,2018-11-14
US_ERLpurchase3%_1125-aha,2018-11-27,23843059358330116,active,adset,,ERL2-shopify-1026-UStest,19.7001224,1590,1634,2.7539779681763,0.71533333,32.19,"Website Purchases",32.19,39,2,2,1,1,,,45,1,94,2.92016154,2018-11-27,2018-11-27
"SG_shopping_1113 - ahaold - Copy 3",2018-11-20,23843041171340116,not_delivering,adset,,ERL2-shopify-1111-SGbasiccopy,5.40353833,5608,5935,1.4827295703454,0.36443182,32.07,"Website Purchases",16.035,74,13,13,9,9,2,2,88,2,98,3.0558154,2018-11-20,2018-11-20
US_ERLpurchase2%_1113-ahaold,2018-11-27,23843041211550116,inactive,adset,,ERL2-shopify-1113-Lookalike2%-test,22.10964608,1406,1441,3.0534351145038,0.72409091,31.86,"Website Purchases",31.86,39,1,1,1,1,,,44,1,94,2.95040804,2018-11-27,2018-11-27
"SG_shopping_1113 - ahaold - Copy 3",2018-12-01,23843041171340116,not_delivering,adset,,ERL2-shopify-1111-SGbasiccopy,3.78780547,7384,8266,1.0525042342124,0.35988506,31.31,"Website Purchases",,71,8,8,3,3,,,87,,,,2018-12-01,2018-12-01
"SG_shopping_1113 - ahaold - Copy 4",2018-12-01,23843041171310116,not_delivering,adset,,ERL2-shopify-1111-SGbasiccopy,5.34215956,5421,5816,1.4099037138927,0.37890244,31.07,"Website Purchases",10.356666666667,68,10,10,6,6,2,2,82,3,147,4.73125201,2018-12-01,2018-12-01
US_ERLpurchase3%_1125-aha,2018-12-02,23843059358330116,active,adset,,ERL2-shopify-1026-UStest,18.39307049,1611,1674,6.7502986857826,0.27247788,30.79,"Website Purchases",15.395,106,6,6,7,7,4,4,113,2,98,3.18285158,2018-12-02,2018-12-02
"US_ERLpurchase1%_1112 - feature - Copy 3",2018-11-13,23843038817100116,inactive,adset,,ERL2-shopify-1029-Lookalike1%-test,15.07104361,1997,2041,2.3517883390495,0.64083333,30.76,"Website Purchases",15.38,44,2,2,2,2,1,1,48,2,98,3.18595579,2018-11-13,2018-11-13
"US_ERLpurchase1%_1112 - feature - Copy 3",2018-11-14,23843038817100116,inactive,adset,,ERL2-shopify-1029-Lookalike1%-test,14.97320994,2004,2053,2.8738431563566,0.52101695,30.74,"Website Purchases",30.74,50,5,5,3,3,,,59,1,49,1.59401431,2018-11-14,2018-11-14
"US_ERLpurchase1%_1112 - feature - Copy 3",2018-11-15,23843038817100116,inactive,adset,,ERL2-shopify-1029-Lookalike1%-test,11.52835148,2613,2663,2.7412692452122,0.42054795,30.7,"Website Purchases",15.35,59,2,2,2,2,1,1,73,2,98,3.19218241,2018-11-15,2018-11-15
US_ERLpurchase3%_only_1129-aha,2018-11-30,23843065434730116,active,adset,,ERL2-shopify-1026-UStest,16.76180022,1765,1822,2.6344676180022,0.63625,30.54,"Website Purchases",10.18,40,4,4,5,5,3,3,48,3,147,4.81335953,2018-11-30,2018-11-30
"SG_shopping_1113 - ahaold - Copy 4",2018-11-27,23843041171310116,not_delivering,adset,,ERL2-shopify-1111-SGbasiccopy,7.44288873,3894,4071,1.6703512650454,0.44558824,30.3,"Website Purchases",15.15,59,9,9,6,6,2,2,68,2,98,3.23432343,2018-11-27,2018-11-27
"SG_shopping_1113 - ahaold - Copy 3",2018-11-30,23843041171340116,not_delivering,adset,,ERL2-shopify-1111-SGbasiccopy,6.80386865,4165,4446,1.0346378767431,0.6576087,30.25,"Website Purchases",,37,2,2,2,2,,,46,,,,2018-11-30,2018-11-30
US_ERLpurchase1%_1113-ahaold,2018-11-14,23843041206340116,inactive,adset,,ERL2-shopify-1113-UScopies,12.09451342,2442,2497,3.2438926712054,0.37283951,30.2,"Website Purchases",,66,2,2,,,,,81,,,,2018-11-14,2018-11-14
US_ERLpurchase1%_1113-ahaold,2018-11-15,23843041206360116,inactive,adset,,ERL2-shopify-1113-UScopies,11.4280303,2585,2640,2.9166666666667,0.39181818,30.17,"Website Purchases",30.17,68,11,11,11,11,,,77,1,49,1.62412993,2018-11-15,2018-11-15
US_ERLpurchase2%_1113-ahaold,2018-11-14,23843041211550116,inactive,adset,,ERL2-shopify-1113-Lookalike2%-test,8.55602837,3407,3525,2.0992907801418,0.40756757,30.16,"Website Purchases",15.08,61,7,7,4,4,1,1,74,2,98,3.24933687,2018-11-14,2018-11-14
"SG_shopping_1113 - ahaold - Copy 3",2018-11-25,23843041171340116,not_delivering,adset,,ERL2-shopify-1111-SGbasiccopy,7.13778409,4100,4224,2.1070075757576,0.33876404,30.15,"Website Purchases",15.075,74,9,9,8,8,2,2,89,2,98,3.25041459,2018-11-25,2018-11-25
US_ERLpurchase1%_1113-ahaold,2018-11-14,23843041206360116,inactive,adset,,ERL2-shopify-1113-UScopies,10.66572238,2753,2824,2.514164305949,0.42422535,30.12,"Website Purchases",15.06,61,5,5,5,5,1,1,71,2,98,3.25365206,2018-11-14,2018-11-14
US_ERLpurchase2%_1113-ahaold,2018-11-15,23843041211550116,inactive,adset,,ERL2-shopify-1113-Lookalike2%-test,10.15862302,2910,2963,2.46371920351,0.41232877,30.1,"Website Purchases",30.1,57,4,4,5,5,1,1,73,1,49,1.62790698,2018-11-15,2018-11-15
"ID_ERLpurchase1%_1112 - feature",2018-11-14,23843039144140116,inactive,adset,,ERL2-shopify-1029-SouthEastAsia-test,1.20813734,22839,24873,1.5156997547542,0.07970822,30.05,"Website Purchases",30.05,233,24,24,15,15,3,3,377,1,49,1.63061564,2018-11-14,2018-11-14
"SG_shopping_1113 - ahaold - Copy 3",2018-11-27,23843041171340116,not_delivering,adset,,ERL2-shopify-1111-SGbasiccopy,6.57330416,4315,4570,1.4004376367615,0.469375,30.04,"Website Purchases",30.04,58,6,6,4,4,1,1,64,1,49,1.63115846,2018-11-27,2018-11-27
US_ERLpurchase3%_only_1129-aha,2018-12-02,23843065434730116,active,adset,,ERL2-shopify-1026-UStest,16.76536313,1737,1790,4.6368715083799,0.36156627,30.01,"Website Purchases",30.01,72,2,2,1,1,1,1,83,1,49,1.63278907,2018-12-02,2018-12-02
"SG_shopping_1113 - ahaold - Copy 4",2018-11-30,23843041171310116,not_delivering,adset,,ERL2-shopify-1111-SGbasiccopy,6.82221716,4146,4393,1.2747552925108,0.53517857,29.97,"Website Purchases",29.97,47,5,5,3,3,,,56,1,49,1.6349683,2018-11-30,2018-11-30
"SG_shopping_1113 - ahaold - Copy 3",2018-11-28,23843041171340116,not_delivering,adset,,ERL2-shopify-1111-SGbasiccopy,5.77279753,4912,5176,1.1785162287481,0.48983607,29.88,"Website Purchases",29.88,52,5,5,6,6,1,1,61,1,49,1.6398929,2018-11-28,2018-11-28
"SG_shopping_1113 - ahaold - Copy 4",2018-11-14,23843041171310116,not_delivering,adset,,ERL2-shopify-1111-SGbasiccopy,6.19551681,4572,4818,1.4528850145289,0.42642857,29.85,"Website Purchases",29.85,58,8,8,7,7,1,1,70,1,49,1.64154104,2018-11-14,2018-11-14
"EUgood_ERLpurchase1%_only_1130 - aha1",2018-12-02,23843066303860116,active,adset,,ERL2-shopify-1130-EUtest,7.39162745,3880,4037,2.9725043349022,0.24866667,29.84,"Website Purchases",9.9466666666667,102,5,5,4,4,2,2,120,3,192,6.43431635,2018-12-02,2018-12-02
US_ERLpurchase2%_1113-ahaold,2018-11-25,23843041211550116,inactive,adset,,ERL2-shopify-1113-Lookalike2%-test,15.6155055,1867,1909,3.7716081718177,0.41402778,29.81,"Website Purchases",14.905,59,6,6,3,3,2,2,72,2,98,3.28748742,2018-11-25,2018-11-25
"SG_shopping_1113 - ahaold - Copy 3",2018-11-14,23843041171340116,not_delivering,adset,,ERL2-shopify-1111-SGbasiccopy,5.75798645,4934,5165,1.0067763794773,0.57192308,29.74,"Website Purchases",29.74,44,8,8,8,8,1,1,52,1,49,1.64761264,2018-11-14,2018-11-14
"SG_shopping_1112 - aha1110 - Copy 2",2018-11-17,23843038817540116,inactive,adset,,ERL2-shopify-1111-SGbasiccopy,7.72066459,3703,3852,1.5316718587747,0.5040678,29.74,"Website Purchases",29.74,47,11,11,8,8,,,59,1,49,1.64761264,2018-11-17,2018-11-17
"US_ERLpurchase1%_1112 - feature - Copy 3",2018-11-16,23843038817100116,inactive,adset,,ERL2-shopify-1029-Lookalike1%-test,12.30832988,2377,2413,2.8595109821799,0.43043478,29.7,"Website Purchases",,55,3,3,1,1,,,69,,,,2018-11-16,2018-11-16
"SG_shopping_1113 - ahaold - Copy 4",2018-11-15,23843041171310116,not_delivering,adset,,ERL2-shopify-1111-SGbasiccopy,7.81909283,3623,3792,1.3976793248945,0.55943396,29.65,"Website Purchases",14.825,44,3,3,3,3,1,1,53,2,98,3.30522766,2018-11-15,2018-11-15
"SG_shopping_1113 - ahaold - Copy 3",2018-11-15,23843041171340116,not_delivering,adset,,ERL2-shopify-1111-SGbasiccopy,7.64645161,3665,3875,2.1677419354839,0.3527381,29.63,"Website Purchases",14.815,70,9,9,8,8,1,1,84,2,98,3.30745866,2018-11-15,2018-11-15
"SG_shopping_1113 - ahaold - Copy 4",2018-12-02,23843041171310116,not_delivering,adset,,ERL2-shopify-1111-SGbasiccopy,6.28424658,4382,4672,1.6909246575342,0.37164557,29.36,"Website Purchases",29.36,72,4,4,2,2,1,1,79,1,49,1.66893733,2018-12-02,2018-12-02
"SG_shopping_1113 - ahaold - Copy 4",2018-11-28,23843041171310116,not_delivering,adset,,ERL2-shopify-1111-SGbasiccopy,6.10763454,4564,4794,1.0846891948269,0.56307692,29.28,"Website Purchases",29.28,47,3,3,3,3,1,1,52,1,49,1.67349727,2018-11-28,2018-11-28
US_ERLpurchase1%_1113-ahaold,2018-11-16,23843041206360116,inactive,adset,,ERL2-shopify-1113-UScopies,11.57623762,2471,2525,2.5346534653465,0.45671875,29.23,"Website Purchases",29.23,56,3,3,2,2,1,1,64,1,49,1.6763599,2018-11-16,2018-11-16
"SG_shopping_1113 - ahaold - Copy 3",2018-11-26,23843041171340116,not_delivering,adset,,ERL2-shopify-1111-SGbasiccopy,6.41617227,4368,4551,1.6699626455724,0.38421053,29.2,"Website Purchases",14.6,69,5,5,6,6,1,1,76,2,143,4.89726027,2018-11-26,2018-11-26
"SG_shopping_1113 - ahaold - Copy 3",2018-11-29,23843041171340116,not_delivering,adset,,ERL2-shopify-1111-SGbasiccopy,6.32617653,4346,4611,1.3662979830839,0.46301587,29.17,"Website Purchases",14.585,53,7,7,4,4,2,2,63,2,98,3.35961604,2018-11-29,2018-11-29
US_ERLpurchase3%_1125-aha,2018-12-03,23843059358330116,active,adset,,ERL2-shopify-1026-UStest,17.7852349,1550,1639,5.1250762660159,0.34702381,29.15,"Website Purchases",9.7166666666667,81,4,4,4,4,3,3,84,3,147,5.04288165,2018-12-03,2018-12-03
US_ERLpurchase2%_1113-ahaold,2018-11-16,23843041211550116,inactive,adset,,ERL2-shopify-1113-Lookalike2%-test,11.14340344,2561,2615,2.6003824091778,0.42852941,29.14,"Website Purchases",29.14,48,5,5,3,3,1,1,68,1,49,1.68153741,2018-11-16,2018-11-16
"SG_shopping_1113 - ahaold - Copy 3",2018-12-02,23843041171340116,not_delivering,adset,,ERL2-shopify-1111-SGbasiccopy,6.43553389,4216,4514,1.5950376606114,0.40347222,29.05,"Website Purchases",,61,4,4,4,4,,,72,,,,2018-12-02,2018-12-02
US_ERLpurchase3%_only_1129-aha,2018-12-03,23843065434730116,active,adset,,ERL2-shopify-1026-UStest,16.53189066,1679,1756,4.3849658314351,0.37701299,29.03,"Website Purchases",,64,2,2,1,1,,,77,,,,2018-12-03,2018-12-03
US_ERLpurchase3%_only_1129-aha,2018-12-01,23843065434730116,active,adset,,ERL2-shopify-1026-UStest,20.25192442,1391,1429,3.149055283415,0.64311111,28.94,"Website Purchases",28.94,36,,,1,1,,,45,1,49,1.69315826,2018-12-01,2018-12-01
"ID_ERLpurchase1%_1112 - feature",2018-11-13,23843039144140116,inactive,adset,,ERL2-shopify-1029-SouthEastAsia-test,0.95034387,27175,30389,0.93454868537958,0.10169014,28.88,"Website Purchases",28.88,166,20,20,17,17,4,4,284,1,49,1.6966759,2018-11-13,2018-11-13
"SG_shopping_1113 - ahaold - Copy 4",2018-11-29,23843041171310116,not_delivering,adset,,ERL2-shopify-1111-SGbasiccopy,6.24836886,4354,4598,1.3919095258808,0.44890625,28.73,"Website Purchases",28.73,49,3,3,7,7,1,1,64,1,49,1.70553428,2018-11-29,2018-11-29
"SG_shopping_1128 - ahaold-gif",2018-11-29,23843063811640116,inactive,adset,,ERL2-shopify-1125-newTest,12.69911504,2098,2260,1.5486725663717,0.82,28.7,"Website Purchases",,28,3,3,3,3,1,1,35,,,,2018-11-29,2018-11-29
"SG_shopping_1113 - ahaold - Copy 4",2018-11-16,23843041171310116,not_delivering,adset,,ERL2-shopify-1111-SGbasiccopy,6.99433358,3886,4059,1.7245627001725,0.40557143,28.39,"Website Purchases",,61,9,9,9,9,,,70,,,,2018-11-16,2018-11-16
"SG_shopping_1113 - ahaold - Copy 3",2018-11-16,23843041171340116,not_delivering,adset,,ERL2-shopify-1111-SGbasiccopy,7.1677615,3761,3958,1.6675088428499,0.42984848,28.37,"Website Purchases",14.185,55,8,8,7,7,2,2,66,2,98,3.45435319,2018-11-16,2018-11-16
US_ERLpurchase4%_1125-aha,2018-11-27,23843059358510116,inactive,adset,,ERL2-shopify-1026-UStest,24.03583618,1142,1172,3.0716723549488,0.7825,28.17,"Website Purchases",,32,4,4,,,,,36,,,,2018-11-27,2018-11-27
"US_ERLpurchase1%_1112 - feature - Copy 3",2018-11-25,23843038817100116,inactive,adset,,ERL2-shopify-1029-Lookalike1%-test,17.22012579,1562,1590,3.9622641509434,0.43460317,27.38,"Website Purchases",27.38,52,10,10,3,3,1,1,63,1,98,3.57925493,2018-11-25,2018-11-25
US_ERLpurchase2%_1113-ahaold,2018-11-17,23843041211550116,inactive,adset,,ERL2-shopify-1113-Lookalike2%-test,9.11270983,2860,2919,2.4323398424118,0.37464789,26.6,"Website Purchases",13.3,63,4,4,4,4,2,2,71,2,98,3.68421053,2018-11-17,2018-11-17
US_ERLpurchase3%_1125-aha,2018-12-04,23843059358330116,active,adset,,ERL2-shopify-1026-UStest,17.5795756,1450,1508,6.1007957559682,0.28815217,26.51,"Website Purchases",,80,4,4,1,1,,,92,,,,2018-12-04,2018-12-04
US_ERLpurchase3%_only_1129-aha,2018-12-04,23843065434730116,active,adset,,ERL2-shopify-1026-UStest,17.81081081,1430,1480,4.6621621621622,0.38202899,26.36,"Website Purchases",26.36,62,3,3,1,1,1,1,69,1,49,1.85887709,2018-12-04,2018-12-04
"EUgood_ERLpurchase1%_only_1130 - aha1",2018-12-03,23843066303860116,active,adset,,ERL2-shopify-1130-EUtest,6.76569362,3708,3871,3.9524670627745,0.17117647,26.19,"Website Purchases",,123,2,2,1,1,,,153,,,,2018-12-03,2018-12-03
"US_ERLpurchase1%_1112 - feature - Copy 3",2018-11-17,23843038817100116,inactive,adset,,ERL2-shopify-1029-Lookalike1%-test,9.53981008,2716,2738,2.3739956172389,0.40184615,26.12,"Website Purchases",26.12,57,1,1,1,1,1,1,65,1,49,1.87595712,2018-11-17,2018-11-17
"SG_shopping_1112 - aha1110 - Copy 2",2018-11-12,23843038817540116,inactive,adset,,ERL2-shopify-1111-SGbasiccopy,5.61997828,4425,4605,2.0629750271444,0.27242105,25.88,"Website Purchases",,76,8,8,5,5,,,95,,,,2018-11-12,2018-11-12
US_ERLpurchase1%_1113-ahaold,2018-11-17,23843041206360116,inactive,adset,,ERL2-shopify-1113-UScopies,9.62221383,2620,2647,2.5311673592747,0.38014925,25.47,"Website Purchases",,62,4,4,3,3,,,67,,,,2018-11-17,2018-11-17
"SG_shopping_1111 - aha1110 - Copy",2018-11-21,23843037512270116,inactive,adset,,ERL2-shopify-1111-SGbasiccopy,5.25762355,4699,4755,0.98843322818086,0.53191489,25,"Website Purchases",,45,5,5,4,4,,,47,,,,2018-11-21,2018-11-21
"US_ERLpurchase1%_1112 - feature - Copy 3",2018-11-24,23843038817100116,inactive,adset,,ERL2-shopify-1029-Lookalike1%-test,17.09190672,1419,1458,3.6351165980796,0.47018868,24.92,"Website Purchases",,43,4,4,2,2,,,53,,,,2018-11-24,2018-11-24
US_indie1%_1023-land2-copy,2018-11-12,23843001730820116,inactive,adset,,ERL2-shopify-1023-USbasicopy,15.13133781,1609,1637,3.8485033598045,0.3931746,24.77,"Website Purchases",12.385,58,4,4,3,3,1,1,63,2,59,2.38191361,2018-11-12,2018-11-12
US_ERLpurchase3%_1125-aha,2018-11-28,23843059358330116,active,adset,,ERL2-shopify-1026-UStest,15.34536403,1577,1607,2.8002489110143,0.548,24.66,"Website Purchases",,39,1,1,3,3,,,45,,,,2018-11-28,2018-11-28
US_ERLpurchase2%_1113-ahaold,2018-11-24,23843041211550116,inactive,adset,,ERL2-shopify-1113-Lookalike2%-test,15.64630225,1508,1555,2.9581993569132,0.52891304,24.33,"Website Purchases",24.33,43,3,3,2,2,1,1,46,1,49,2.01397452,2018-11-24,2018-11-24
US_ERLpurchase2%_1113-ahaold,2018-11-28,23843041211550116,inactive,adset,,ERL2-shopify-1113-Lookalike2%-test,15.79613591,1480,1501,3.4643570952698,0.45596154,23.71,"Website Purchases",,37,1,1,,,,,52,,,,2018-11-28,2018-11-28
"EUgood_indie2%_only_1130 - aha1",2018-12-02,23843066303410116,active,adset,,ERL2-shopify-1130-EUtest,6.10051546,3787,3880,2.9896907216495,0.20405172,23.67,"Website Purchases",,84,6,6,2,2,,,116,,,,2018-12-02,2018-12-02
US_ERL_addtocart1%_1120-aha,2018-11-30,23843055847870116,inactive,adset,,ERL2-shopify-1029-Lookalike1%-test,15.21456437,1477,1538,2.5357607282185,0.6,23.4,"Website Purchases",,35,3,3,2,2,,,39,,,,2018-11-30,2018-11-30
"SG_shopping_1111 - aha1110 - Copy",2018-11-24,23843037512270116,inactive,adset,,ERL2-shopify-1111-SGbasiccopy,10.55555556,2122,2214,2.8455284552846,0.37095238,23.37,"Website Purchases",,56,9,9,7,7,,,63,,,,2018-11-24,2018-11-24
"EU1_indie1%_1119 - aha1110",2018-11-23,23843051908480116,inactive,adset,,ERL2-shopify-test-1019,6.49860724,3402,3590,3.6768802228412,0.17674242,23.33,"Website Purchases",,91,11,11,10,10,,,132,,,,2018-11-23,2018-11-23
"US_indie1%_1101 - land2 - Copy 22",2018-11-23,23843018643170116,inactive,adset,,ERL2-shopify-1023-USbasicopy,14.41140025,1570,1614,3.7794299876084,0.38131148,23.26,"Website Purchases",23.26,47,2,2,1,1,1,1,61,1,49,2.10662081,2018-11-23,2018-11-23
"SG_shopping_1019 - aha1110",2018-11-24,23842995495230116,active,adset,,ERL2-shopify-test-1019,9.18609245,2418,2531,2.0940339786646,0.43867925,23.25,"Website Purchases",,46,9,9,6,6,,,53,,,,2018-11-24,2018-11-24
"SG_shopping_1111 - aha1110 - Copy",2018-11-22,23843037512270116,inactive,adset,,ERL2-shopify-1111-SGbasiccopy,6.5070028,3458,3570,1.9047619047619,0.34161765,23.23,"Website Purchases",23.23,60,11,11,8,8,2,2,68,1,98,4.21868274,2018-11-22,2018-11-22
"EUgood_indie1%_1120 - aha1110",2018-11-23,23843053055970116,active,adset,,ERL2-shopify-test-1019,8.65248227,2551,2679,3.732736095558,0.2318,23.18,"Website Purchases",7.7266666666667,78,16,16,13,13,2,2,100,3,147,6.34167386,2018-11-23,2018-11-23
"EUgood_indie1%_1120 - aha1110",2018-11-22,23843053055970116,active,adset,,ERL2-shopify-test-1019,6.24932542,3540,3706,3.3729087965461,0.18528,23.16,"Website Purchases",,95,7,7,7,7,,,125,,,,2018-11-22,2018-11-22
"EUgood_indie1%_1120 - aha1110",2018-11-24,23843053055970116,active,adset,,ERL2-shopify-test-1019,10.96208531,2038,2110,3.5071090047393,0.31256757,23.13,"Website Purchases",,59,3,3,2,2,,,74,,,,2018-11-24,2018-11-24
"SG_shopping_1019 - aha1110",2018-11-23,23842995495230116,active,adset,,ERL2-shopify-test-1019,7.33883773,3007,3149,1.4607812003811,0.5023913,23.11,"Website Purchases",11.555,36,11,11,7,7,1,1,46,2,98,4.24058849,2018-11-23,2018-11-23
"SG_shopping_1019 - aha1110",2018-11-22,23842995495230116,active,adset,,ERL2-shopify-test-1019,5.92260379,3759,3902,1.4864172219375,0.39844828,23.11,"Website Purchases",5.7775,54,12,12,11,11,2,2,58,4,196,8.48117698,2018-11-22,2018-11-22
"EU1_indie1%_1119 - aha1110",2018-11-22,23843051908480116,inactive,adset,,ERL2-shopify-test-1019,5.99169263,3669,3852,2.9335410176532,0.20424779,23.08,"Website Purchases",,78,3,3,2,2,,,113,,,,2018-11-22,2018-11-22
"SG_shopping_1111 - aha1110 - Copy",2018-11-23,23843037512270116,inactive,adset,,ERL2-shopify-1111-SGbasiccopy,9.21325879,2371,2504,2.1166134185304,0.43528302,23.07,"Website Purchases",23.07,42,7,7,7,7,2,2,53,1,49,2.12397052,2018-11-23,2018-11-23
"US_indie1%_1101 - land2 - Copy 22",2018-11-22,23843018643170116,inactive,adset,,ERL2-shopify-1023-USbasicopy,12.11913548,1863,1897,2.5830258302583,0.46918367,22.99,"Website Purchases",,39,1,1,1,1,,,49,,,,2018-11-22,2018-11-22
US_ERL_addtocart1%_1120-aha,2018-11-29,23843055847870116,inactive,adset,,ERL2-shopify-1029-Lookalike1%-test,11.61585366,1944,1968,2.6930894308943,0.43132075,22.86,"Website Purchases",22.86,48,1,1,2,2,,,53,1,49,2.14348206,2018-11-29,2018-11-29
US_ERLpurchase4%_1125-aha,2018-11-26,23843059358510116,inactive,adset,,ERL2-shopify-1026-UStest,21.60189573,1023,1055,3.6018957345972,0.59973684,22.79,"Website Purchases",22.79,33,3,3,4,4,1,1,38,1,49,2.15006582,2018-11-26,2018-11-26
US_ERLpurchase3%_1125-aha,2018-11-26,23843059358330116,active,adset,,ERL2-shopify-1026-UStest,18.24149109,1206,1234,2.7552674230146,0.66205882,22.51,"Website Purchases",,32,1,1,,,,,34,,,,2018-11-26,2018-11-26
"EUgood_indie2%_only_1130 - aha1",2018-12-03,23843066303410116,active,adset,,ERL2-shopify-1130-EUtest,6.59958568,3250,3379,3.6697247706422,0.17983871,22.3,"Website Purchases",22.3,102,2,2,4,4,1,1,124,1,49,2.19730942,2018-12-03,2018-12-03
US_ERLpurchase1%_1120-feature-schedule,2018-11-30,23843053073670116,inactive,adset,,ERL2-shopify-1023-USbasicopy,24.61878453,876,905,3.4254143646409,0.71870968,22.28,"Website Purchases",22.28,28,2,2,2,2,1,1,31,1,49,2.19928187,2018-11-30,2018-11-30
"SG_shopping_1113 - ahaold - Copy 3",2018-11-17,23843041171340116,not_delivering,adset,,ERL2-shopify-1111-SGbasiccopy,7.60795065,2773,2918,1.6792323509253,0.45306122,22.2,"Website Purchases",11.1,43,8,8,4,4,2,2,49,2,98,4.41441441,2018-11-17,2018-11-17
"SG_shopping_1113 - ahaold - Copy 4",2018-11-17,23843041171310116,not_delivering,adset,,ERL2-shopify-1111-SGbasiccopy,9.080033,2351,2424,2.516501650165,0.36081967,22.01,"Website Purchases",11.005,52,10,10,6,6,1,1,61,2,98,4.45252158,2018-11-17,2018-11-17
US_ERLpurchase1%_1113-ahaold,2018-11-20,23843041206360116,inactive,adset,,ERL2-shopify-1113-UScopies,13.15282792,1632,1662,2.7075812274368,0.48577778,21.86,"Website Purchases",,38,2,2,1,1,,,45,,,,2018-11-20,2018-11-20
"EUgood_ERLpurchase1%_only_1130 - aha1",2018-12-04,23843066303860116,active,adset,,ERL2-shopify-1130-EUtest,7.68822906,2723,2829,3.7822552138565,0.20327103,21.75,"Website Purchases",21.75,72,3,3,2,2,1,1,107,1,49,2.25287356,2018-12-04,2018-12-04
"EUgood_indie1%_1125 - aha1 -schedule",2018-11-27,23843059358730116,inactive,adset,,ERL2-shopify-1123-EUbasicopy,9.96790463,2111,2181,2.7510316368638,0.36233333,21.74,"Website Purchases",,47,4,4,2,2,,,60,,,,2018-11-27,2018-11-27
"US_ERLpurchase1%_1112 - feature - Copy 3",2018-11-20,23843038817100116,inactive,adset,,ERL2-shopify-1029-Lookalike1%-test,13.96784566,1526,1555,2.7009646302251,0.51714286,21.72,"Website Purchases",,36,1,1,,,,,42,,,,2018-11-20,2018-11-20
"SG_shopping_1111 - aha1110 - Copy",2018-11-20,23843037512270116,inactive,adset,,ERL2-shopify-1111-SGbasiccopy,6.18500431,3340,3481,1.5225509910945,0.40622642,21.53,"Website Purchases",21.53,42,12,12,8,8,2,2,53,1,49,2.2758941,2018-11-20,2018-11-20
US_ERLpurchase2%_1113-ahaold,2018-11-26,23843041211550116,inactive,adset,,ERL2-shopify-1113-Lookalike2%-test,19.88899167,1049,1081,4.7178538390379,0.42156863,21.5,"Website Purchases",7.1666666666667,48,5,5,4,4,3,3,51,3,147,6.8372093,2018-11-26,2018-11-26
US_ERLpurchase2%_1113-ahaold,2018-11-20,23843041211550116,inactive,adset,,ERL2-shopify-1113-Lookalike2%-test,11.27034121,1861,1905,2.1522309711286,0.52365854,21.47,"Website Purchases",,32,2,2,1,1,,,41,,,,2018-11-20,2018-11-20
US_ERLpurchase1%_1120-feature-schedule,2018-11-27,23843053073670116,inactive,adset,,ERL2-shopify-1023-USbasicopy,29.90196078,698,714,2.6610644257703,1.12368421,21.35,"Website Purchases",,19,,,,,,,19,,,,2018-11-27,2018-11-27
US_ERL_addtocart1%_1120-aha,2018-11-27,23843055847870116,inactive,adset,,ERL2-shopify-1029-Lookalike1%-test,17.96296296,1135,1188,4.2929292929293,0.41843137,21.34,"Website Purchases",21.34,46,4,4,2,2,1,1,51,1,49,2.29615745,2018-11-27,2018-11-27
"EUgood_indie2%_only_1130 - aha1",2018-11-30,23843066303410116,active,adset,,ERL2-shopify-1130-EUtest,6.50503202,3227,3279,2.1043000914913,0.30913043,21.33,"Website Purchases",21.33,60,5,5,3,3,,,69,1,49,2.29723394,2018-11-30,2018-11-30
"EUgood_ERLpurchase1%_only_1130 - aha1",2018-11-30,23843066303860116,active,adset,,ERL2-shopify-1130-EUtest,8.29315708,2502,2572,2.7604976671851,0.30042254,21.33,"Website Purchases",,58,6,6,4,4,,,71,,,,2018-11-30,2018-11-30
"SG_shopping_1019 - aha1110",2018-12-01,23842995495230116,active,adset,,ERL2-shopify-test-1019,4.04907975,4754,5216,0.93941717791411,0.43102041,21.12,"Website Purchases",21.12,35,4,4,2,2,1,1,49,1,94,4.45075758,2018-12-01,2018-12-01
US_ERLpurchase2%_1128-earpic,2018-11-28,23843062733840116,inactive,adset,,ERL2-shopify-1113-Lookalike2%-test,22.78918919,879,925,4.6486486486486,0.49023256,21.08,"Website Purchases",21.08,34,1,1,1,1,1,1,43,1,49,2.32447818,2018-11-28,2018-11-28
"EUgood_indie2%_1125 - aha1",2018-11-29,23843059358630116,inactive,adset,,ERL2-shopify-1123-EUbasicopy,5.64750134,3644,3722,2.6598602901666,0.21232323,21.02,"Website Purchases",10.51,85,5,5,5,5,2,2,99,2,98,4.66222645,2018-11-29,2018-11-29
US_ERLpurchase1%_1120-feature-schedule,2018-12-01,23843053073670116,inactive,adset,,ERL2-shopify-1023-USbasicopy,26.15480649,777,801,4.3695380774032,0.59857143,20.95,"Website Purchases",,32,4,4,1,1,,,35,,,,2018-12-01,2018-12-01
"EUgood_indie1%_1123 - aha1 - Copy1",2018-11-24,23843056676460116,inactive,adset,,ERL2-shopify-1123-EUbasicopy,11.30952381,1755,1848,4.5454545454545,0.24880952,20.9,"Website Purchases",20.9,64,2,2,3,3,1,1,84,1,98,4.68899522,2018-11-24,2018-11-24
"SG_earlyadopter_1125 - ahaold",2018-12-01,23843059982370116,inactive,adset,,ERL2-shopify-1125-newTest,6.01505937,3200,3453,1.2163336229366,0.49452381,20.77,"Website Purchases",,34,,,1,1,,,42,,,,2018-12-01,2018-12-01
"EUgood_indie1%_1125 - aha1 - Copy 21",2018-11-30,23843059969090116,inactive,adset,,ERL2-shopify-1123-EUbasicopy,7.1542461,2829,2885,2.5649913344887,0.27891892,20.64,"Website Purchases",,60,,,1,1,,,74,,,,2018-11-30,2018-11-30
"EUgood_indie1%_1120 - aha1110",2018-11-30,23843053055970116,active,adset,,ERL2-shopify-test-1019,7.90260736,2546,2608,3.0674846625767,0.257625,20.61,"Website Purchases",,63,,,1,1,,,80,,,,2018-11-30,2018-11-30
US_ERLpurchase2%_1113-ahaold,2018-11-21,23843041211550116,inactive,adset,,ERL2-shopify-1113-Lookalike2%-test,8.34683955,2451,2468,1.9448946515397,0.42916667,20.6,"Website Purchases",,41,1,1,,,,,48,,,,2018-11-21,2018-11-21
"SG_shopping_1019 - aha1110",2018-11-15,23842995495230116,active,adset,,ERL2-shopify-test-1019,6.64622337,2987,3098,1.4202711426727,0.46795455,20.59,"Website Purchases",,35,7,7,6,6,,,44,,,,2018-11-15,2018-11-15
"SG_shopping_1019 - aha1110",2018-11-14,23842995495230116,active,adset,,ERL2-shopify-test-1019,5.89736239,3404,3488,1.0034403669725,0.58771429,20.57,"Website Purchases",20.57,31,4,4,3,3,1,1,35,1,49,2.38210987,2018-11-14,2018-11-14
"EUgood_indie1%_1123 - aha1 - Copy1",2018-11-30,23843056676460116,inactive,adset,,ERL2-shopify-1123-EUbasicopy,8.18000796,2404,2511,2.9072082835524,0.28136986,20.54,"Website Purchases",,60,1,1,3,3,,,73,,,,2018-11-30,2018-11-30
US_ERL_addtocart1%_1125-aha1,2018-11-27,23843059904840116,inactive,adset,,ERL2-shopify-1029-Lookalike1%-test,21.00307062,946,977,2.0470829068577,1.026,20.52,"Website Purchases",,17,2,2,2,2,1,1,20,,,,2018-11-27,2018-11-27
"EUgood_indie2%_1125 - aha1",2018-11-30,23843059358630116,inactive,adset,,ERL2-shopify-1123-EUbasicopy,6.76674365,2941,3031,2.0785219399538,0.32555556,20.51,"Website Purchases",20.51,48,1,1,2,2,,,63,1,49,2.3890785,2018-11-30,2018-11-30
"EUgood_indie1%_1120 - aha1110",2018-12-02,23843053055970116,active,adset,,ERL2-shopify-test-1019,9.24706943,2154,2218,2.8854824165915,0.32046875,20.51,"Website Purchases",20.51,49,1,1,1,1,1,1,64,1,49,2.3890785,2018-12-02,2018-12-02
"SG_shopping_1113 - ahaold - schedule 4",2018-11-13,23843041189620116,inactive,adset,,ERL2-shopify-1111-SGbasiccopy,7.58978156,2629,2701,1.2217697149204,0.62121212,20.5,"Website Purchases",,29,5,5,2,2,,,33,,,,2018-11-13,2018-11-13
"EUgood_indie2%_1125 - aha1",2018-11-27,23843059358630116,inactive,adset,,ERL2-shopify-1123-EUbasicopy,7.07772021,2804,2895,2.0725388601036,0.3415,20.49,"Website Purchases",20.49,49,2,2,2,2,1,1,60,1,49,2.39141044,2018-11-27,2018-11-27
"SG_earlyadopter_1125 - ahaold",2018-11-27,23843059982370116,inactive,adset,,ERL2-shopify-1125-newTest,7.82061069,2436,2620,1.5267175572519,0.51225,20.49,"Website Purchases",10.245,33,3,3,4,4,2,2,40,2,98,4.78282089,2018-11-27,2018-11-27
"US_ERLpurchase1%_1111 - feature - Copy",2018-11-13,23843037514000116,inactive,adset,,ERL2-shopify-1029-Lookalike1%-test,12.75389408,1587,1605,2.9906542056075,0.42645833,20.47,"Website Purchases",,40,2,2,2,2,,,48,,,,2018-11-13,2018-11-13
"US_ERLpurchase1%_1112 - feature - Copy 3",2018-11-21,23843038817100116,inactive,adset,,ERL2-shopify-1029-Lookalike1%-test,11.41662019,1773,1793,3.5694366982711,0.31984375,20.47,"Website Purchases",,55,3,3,3,3,,,64,,,,2018-11-21,2018-11-21
"EUgood_indie1%_1123 - aha1 - Copy1",2018-11-29,23843056676460116,inactive,adset,,ERL2-shopify-1123-EUbasicopy,7.10462287,2802,2877,3.2325338894682,0.21978495,20.44,"Website Purchases",10.22,84,9,9,4,4,2,2,93,2,98,4.79452055,2018-11-29,2018-11-29
"US_ERLpurchase3%_1125-aha - Copy",2018-11-26,23843059984570116,inactive,adset,,ERL2-shopify-1026-UStest,22.94382022,862,890,3.1460674157303,0.72928571,20.42,"Website Purchases",,24,,,1,1,,,28,,,,2018-11-26,2018-11-26
US_ERLadct30-1%_1129-aha,2018-11-30,23843065433680116,active,adset,,ERL2-shopify-1129-AddtoCart-Test,16.83168317,1142,1212,4.2904290429043,0.39230769,20.4,"Website Purchases",10.2,46,2,2,2,2,2,2,52,2,143,7.00980392,2018-11-30,2018-11-30
"EUgood_indie2%_1127 - aha1 - Copy",2018-11-30,23843062694700116,active,adset,,ERL2-shopify-1123-EUbasicopy,6.42722117,3091,3174,2.7410207939509,0.23448276,20.4,"Website Purchases",20.4,72,3,3,3,3,,,87,1,49,2.40196078,2018-11-30,2018-11-30
"EUgood_indie1%_1125 - aha1 - Copy 21",2018-11-26,23843059969090116,inactive,adset,,ERL2-shopify-1123-EUbasicopy,9.74137931,2032,2088,3.2088122605364,0.30358209,20.34,"Website Purchases",20.34,58,6,6,3,3,1,1,67,1,49,2.40904621,2018-11-26,2018-11-26
US_ERLpurchase1%_1120-feature-schedule,2018-11-29,23843053073670116,inactive,adset,,ERL2-shopify-1023-USbasicopy,16.39516129,1216,1240,3.2258064516129,0.50825,20.33,"Website Purchases",,34,2,2,,,,,40,,,,2018-11-29,2018-11-29
"EUgood_indie2%_1127 - aha1 - Copy",2018-12-02,23843062694700116,active,adset,,ERL2-shopify-1123-EUbasicopy,7.24347515,2723,2797,3.4680014301037,0.20886598,20.26,"Website Purchases",6.7533333333333,78,3,3,4,4,1,1,97,3,147,7.25567621,2018-12-02,2018-12-02
"US_indie1%_1101 - land2 - Copy 22",2018-11-15,23843018643170116,inactive,adset,,ERL2-shopify-1023-USbasicopy,10.97613883,1789,1844,3.9587852494577,0.27726027,20.24,"Website Purchases",20.24,59,2,2,2,2,1,1,73,1,49,2.42094862,2018-11-15,2018-11-15
"SG_earlyadopter_1125 - ahaold",2018-11-30,23843059982370116,inactive,adset,,ERL2-shopify-1125-newTest,6.75919732,2780,2990,1.4046822742475,0.48119048,20.21,"Website Purchases",,33,6,6,4,4,,,42,,,,2018-11-30,2018-11-30
"EUgood_indie1%_1123 - aha1 - Copy1",2018-11-25,23843056676460116,inactive,adset,,ERL2-shopify-1123-EUbasicopy,9.68375659,2013,2087,4.4561571633924,0.21731183,20.21,"Website Purchases",6.7366666666667,71,9,9,7,7,3,3,93,3,147,7.27362692,2018-11-25,2018-11-25
"EUgood_indie1%_1123 - aha1 - Copy2",2018-11-24,23843056676450116,inactive,adset,,ERL2-shopify-1123-EUbasicopy,10.90663788,1776,1853,3.3459255261738,0.32596774,20.21,"Website Purchases",,46,5,5,3,3,,,62,,,,2018-11-24,2018-11-24
"SG_shopping_1125 - ahaold -newpic",2018-11-27,23843059979810116,inactive,adset,,ERL2-shopify-1125-newTest,10.90075512,1720,1854,1.8338727076591,0.59441176,20.21,"Website Purchases",20.21,29,3,3,2,2,1,1,34,1,49,2.42454231,2018-11-27,2018-11-27
"US_ERLpayment1%_1030-land2 - Copy",2018-11-11,23843013968220116,inactive,adset,,ERL2-shopify-1029-Lookalike1%-test,22.49443207,860,898,4.4543429844098,0.505,20.2,"Website Purchases",,35,4,4,2,2,,,40,,,,2018-11-11,2018-11-11
"SG_shopping_1113 - ahaold - schedule 5",2018-11-13,23843041189650116,inactive,adset,,ERL2-shopify-1111-SGbasiccopy,7.07821817,2788,2851,1.6485443703964,0.4293617,20.18,"Website Purchases",,43,4,4,3,3,,,47,,,,2018-11-13,2018-11-13
"EUgood_indie1%_1120 - aha1110",2018-11-27,23843053055970116,active,adset,,ERL2-shopify-test-1019,8.9844098,2189,2245,3.1180400890869,0.28814286,20.17,"Website Purchases",20.17,59,8,8,6,6,,,70,1,49,2.42935052,2018-11-27,2018-11-27
"SG_shopping_1111 - aha1110 - Copy",2018-11-14,23843037512240116,inactive,adset,,ERL2-shopify-1111-SGbasiccopy,6.12952265,3170,3289,1.2161751292186,0.504,20.16,"Website Purchases",,32,2,2,3,3,,,40,,,,2018-11-14,2018-11-14
"EUgood_indie1%_1123 - aha1 - Copy1",2018-11-27,23843056676460116,inactive,adset,,ERL2-shopify-1123-EUbasicopy,8.0471246,2453,2504,2.8354632587859,0.28380282,20.15,"Website Purchases",,55,5,5,5,5,,,71,,,,2018-11-27,2018-11-27
"SG_shopping_1111 - aha1110 - Copy",2018-11-14,23843037512270116,inactive,adset,,ERL2-shopify-1111-SGbasiccopy,6.40992998,3024,3142,1.4640356460853,0.43782609,20.14,"Website Purchases",,41,5,5,4,4,,,46,,,,2018-11-14,2018-11-14
"US_indie1%_1101 - land2 - Copy 22",2018-11-11,23843018643190116,inactive,adset,,ERL2-shopify-1023-USbasicopy,16.81704261,1135,1197,6.4327485380117,0.26142857,20.13,"Website Purchases",,65,2,2,5,5,,,77,,,,2018-11-11,2018-11-11
"EUgood_indie1%_1120 - aha1110",2018-11-29,23843053055970116,active,adset,,ERL2-shopify-test-1019,5.65608317,3505,3559,2.0511379601012,0.27575342,20.13,"Website Purchases",,59,1,1,,,,,73,,,,2018-11-29,2018-11-29
"EUgood_indie1%_1125 - aha1 - Copy 21",2018-11-27,23843059969090116,inactive,adset,,ERL2-shopify-1123-EUbasicopy,10.10547464,1915,1991,2.7624309392265,0.36581818,20.12,"Website Purchases",20.12,46,3,3,2,2,1,1,55,1,49,2.43538767,2018-11-27,2018-11-27
"SG_shopping_1019 - aha1110",2018-11-30,23842995495230116,active,adset,,ERL2-shopify-test-1019,7.0834801,2654,2839,1.3737231419514,0.51564103,20.11,"Website Purchases",20.11,30,4,4,2,2,1,1,39,1,49,2.43659871,2018-11-30,2018-11-30
"EUgood_indie2%_1127 - aha1 - Copy",2018-11-29,23843062694700116,active,adset,,ERL2-shopify-1123-EUbasicopy,6.57077476,2982,3059,2.3210199411572,0.28309859,20.1,"Website Purchases",20.1,50,3,3,3,3,1,1,71,1,49,2.43781095,2018-11-29,2018-11-29
"SG_shopping_1111 - aha1110 - Copy",2018-11-15,23843037512240116,inactive,adset,,ERL2-shopify-1111-SGbasiccopy,6.84497445,2827,2935,1.4991482112436,0.45659091,20.09,"Website Purchases",,38,6,6,4,4,,,44,,,,2018-11-15,2018-11-15
"US_ERLpurchase1%_1029 - feature",2018-11-14,23843012050170116,inactive,adset,,ERL2-shopify-1029-Lookalike1%-test,15.47765794,1260,1298,3.0816640986133,0.50225,20.09,"Website Purchases",,35,3,3,1,1,,,40,,,,2018-11-14,2018-11-14
US_ERLpurchase3%_1120-ahaold,2018-11-23,23843051910740116,inactive,adset,,ERL2-shopify-1119-Lookalike3%-test,10.08534137,1972,1992,2.1586345381526,0.4672093,20.09,"Website Purchases",,39,,,,,,,43,,,,2018-11-23,2018-11-23
SG_ERLadct30-1%_only_1129-aha,2018-12-01,23843065434350116,inactive,adset,,ERL2-shopify-1129-AddtoCart-Test,10.79569892,1668,1860,1.7741935483871,0.60848485,20.08,"Website Purchases",,28,4,4,3,3,,,33,,,,2018-12-01,2018-12-01
"EUgood_indie1%_1125 - aha1 - Copy 21",2018-11-29,23843059969090116,inactive,adset,,ERL2-shopify-1123-EUbasicopy,4.95680079,4002,4051,1.5304862996791,0.32387097,20.08,"Website Purchases",20.08,49,2,2,2,2,1,1,62,1,49,2.44023904,2018-11-29,2018-11-29
"US_indie1%_1101 - land2 - Copy 22",2018-11-11,23843018643170116,inactive,adset,,ERL2-shopify-1023-USbasicopy,17.346586,1113,1157,4.580812445981,0.37867925,20.07,"Website Purchases",20.07,50,2,2,3,3,1,1,53,1,49,2.44145491,2018-11-11,2018-11-11
"EUgood_indie1%_1120 - aha1110",2018-11-25,23843053055970116,active,adset,,ERL2-shopify-test-1019,9.27844588,2107,2162,3.6540240518039,0.25392405,20.06,"Website Purchases",20.06,59,5,5,3,3,1,1,79,1,49,2.44267198,2018-11-25,2018-11-25
"US_ERLpurchase1%_1029 - feature",2018-11-15,23843012050170116,inactive,adset,,ERL2-shopify-1029-Lookalike1%-test,13.87275242,1422,1446,2.627939142462,0.52789474,20.06,"Website Purchases",,33,,,,,,,38,,,,2018-11-15,2018-11-15
"US_ERLpurchase1%_1029 - feature",2018-11-13,23843012050170116,inactive,adset,,ERL2-shopify-1029-Lookalike1%-test,18.62581244,1061,1077,2.6926648096565,0.69172414,20.06,"Website Purchases",20.06,26,3,3,2,2,,,29,1,49,2.44267198,2018-11-13,2018-11-13
"SG_sportEquip_1129 - ahaold",2018-12-01,23843065498190116,active,adset,,ERL2-shopify-1125-newTest,3.59834889,5028,5572,1.148600143575,0.31328125,20.05,"Website Purchases",,55,7,7,8,8,,,64,,,,2018-12-01,2018-12-01
US_ERL_addtocart1%_1120-aha,2018-11-23,23843055847870116,inactive,adset,,ERL2-shopify-1029-Lookalike1%-test,12.50779788,1536,1603,2.3705552089832,0.52763158,20.05,"Website Purchases",20.05,32,2,2,2,2,,,38,1,49,2.44389027,2018-11-23,2018-11-23
US_ERL_addtocart1%_1120-aha,2018-11-25,23843055847870116,inactive,adset,,ERL2-shopify-1029-Lookalike1%-test,13.22559367,1468,1516,2.7044854881266,0.48902439,20.05,"Website Purchases",20.05,34,2,2,1,1,1,1,41,1,49,2.44389027,2018-11-25,2018-11-25
"US_indie1%_1101 - land2 - Copy 22",2018-11-14,23843018643170116,inactive,adset,,ERL2-shopify-1023-USbasicopy,12.18104496,1583,1646,3.9489671931956,0.30846154,20.05,"Website Purchases",10.025,60,3,3,2,2,2,2,65,2,98,4.88778055,2018-11-14,2018-11-14
"US_ERLpurchase1%_1029 - feature",2018-11-11,23843012050170116,inactive,adset,,ERL2-shopify-1029-Lookalike1%-test,21.92560175,877,914,3.2822757111597,0.668,20.04,"Website Purchases",10.02,27,3,3,3,3,1,1,30,2,98,4.89021956,2018-11-11,2018-11-11
"US_ERLpurchase1%_1111 - feature - Copy",2018-11-12,23843037514000116,inactive,adset,,ERL2-shopify-1029-Lookalike1%-test,17.53724803,1114,1141,2.7169149868536,0.64548387,20.01,"Website Purchases",20.01,28,3,3,3,3,1,1,31,1,49,2.44877561,2018-11-12,2018-11-12
"AU_sportEquip_1201 - ahaold",2018-12-02,23843067342020116,inactive,adset,,ERL2-shopify-1125-newTest,8.35141903,2309,2396,2.3372287145242,0.35732143,20.01,"Website Purchases",,47,3,3,3,3,,,56,,,,2018-12-02,2018-12-02
"SG_shopping_1019 - aha1110",2018-11-25,23842995495230116,active,adset,,ERL2-shopify-test-1019,8.60645161,2223,2325,2.3225806451613,0.37055556,20.01,"Website Purchases",20.01,44,7,7,5,5,,,54,1,49,2.44877561,2018-11-25,2018-11-25
"SG_shopping_1111 - aha1110 - Copy",2018-11-15,23843037512270116,inactive,adset,,ERL2-shopify-1111-SGbasiccopy,7.71604938,2484,2592,1.7746913580247,0.43478261,20,"Website Purchases",10,39,2,2,3,3,2,2,46,2,98,4.9,2018-11-15,2018-11-15
"SG_shopping_1019 - aha1110",2018-12-03,23842995495230116,active,adset,,ERL2-shopify-test-1019,5.64566262,3175,3539,1.4128284826222,0.3996,19.98,"Website Purchases",19.98,40,7,7,5,5,1,1,50,1,49,2.45245245,2018-12-03,2018-12-03
"EUgood_indie1%_1123 - aha1 - Copy1",2018-12-02,23843056676460116,inactive,adset,,ERL2-shopify-1123-EUbasicopy,10.23041475,1906,1953,3.6354326676907,0.28140845,19.98,"Website Purchases",,58,4,4,2,2,,,71,,,,2018-12-02,2018-12-02
"EUgood_indie2%_1125 - aha1",2018-12-02,23843059358630116,inactive,adset,,ERL2-shopify-1123-EUbasicopy,7.96251994,2441,2508,3.2296650717703,0.24654321,19.97,"Website Purchases",,73,1,1,,,,,81,,,,2018-12-02,2018-12-02
"US_indie1%_1101 - land2 - Copy 22",2018-11-12,23843018643170116,inactive,adset,,ERL2-shopify-1023-USbasicopy,14.41877256,1319,1385,4.3321299638989,0.33283333,19.97,"Website Purchases",,56,7,7,3,3,,,60,,,,2018-11-12,2018-11-12
"SG_shopping_1019 - aha1110",2018-11-28,23842995495230116,active,adset,,ERL2-shopify-test-1019,4.46756152,4144,4470,1.1409395973154,0.39156863,19.97,"Website Purchases",9.985,41,4,4,4,4,2,2,51,2,98,4.90736104,2018-11-28,2018-11-28
"EUgood_indie2%_1125 - aha1",2018-11-28,23843059358630116,inactive,adset,,ERL2-shopify-1123-EUbasicopy,5.74388489,3421,3475,2.2158273381295,0.25922078,19.96,"Website Purchases",19.96,56,5,5,2,2,2,2,77,1,49,2.45490982,2018-11-28,2018-11-28
"EUgood_indie1%_1120 - aha1110",2018-12-01,23843053055970116,active,adset,,ERL2-shopify-test-1019,8.01284625,2454,2491,2.328382175833,0.34413793,19.96,"Website Purchases",19.96,49,5,5,2,2,1,1,58,1,49,2.45490982,2018-12-01,2018-12-01
"SG_shopping_1019 - aha1110",2018-11-20,23842995495230116,active,adset,,ERL2-shopify-test-1019,5.59921415,3450,3563,1.0945832163907,0.51153846,19.95,"Website Purchases",,26,5,5,10,10,,,39,,,,2018-11-20,2018-11-20
"SG_shopping_1019 - aha1110",2018-11-27,23842995495230116,active,adset,,ERL2-shopify-test-1019,6.40745501,2984,3112,1.1568123393316,0.55388889,19.94,"Website Purchases",,30,5,5,2,2,,,36,,,,2018-11-27,2018-11-27
"US_indie1%_1101 - land2 - Copy 22",2018-11-13,23843018643170116,inactive,adset,,ERL2-shopify-1023-USbasicopy,14.44525018,1309,1379,5.5112400290065,0.26210526,19.92,"Website Purchases",9.96,69,7,7,5,5,1,1,76,2,98,4.91967871,2018-11-13,2018-11-13
"SG_sportEquip_1129 - ahaold",2018-12-02,23843065498190116,active,adset,,ERL2-shopify-1125-newTest,5.32762771,3533,3739,1.337255950789,0.3984,19.92,"Website Purchases",,40,5,5,5,5,,,50,,,,2018-12-02,2018-12-02
"EUgood_indie2%_1125 - aha1",2018-11-26,23843059358630116,inactive,adset,,ERL2-shopify-1123-EUbasicopy,8.89584265,2119,2237,2.6821636119803,0.33166667,19.9,"Website Purchases",19.9,48,2,2,5,5,,,60,1,49,2.46231156,2018-11-26,2018-11-26
US_ERLpurchase2%_1120-ahaold-schedule,2018-11-23,23843053073640116,inactive,adset,,ERL2-shopify-1023-USbasicopy,15.80619539,1222,1259,3.0182684670373,0.52368421,19.9,"Website Purchases",,28,2,2,1,1,,,38,,,,2018-11-23,2018-11-23
"SG_sportEquip_1129 - ahaold",2018-12-03,23843065498190116,active,adset,,ERL2-shopify-1125-newTest,6.79890561,2694,2924,1.812585499316,0.37509434,19.88,"Website Purchases",19.88,46,6,6,3,3,1,1,53,1,94,4.72837022,2018-12-03,2018-12-03
"UK_ERLpurchase1%_1112 - feature",2018-11-13,23843039109070116,inactive,adset,,ERL2-shopify-1029-Lookalike1%-test,8.15088151,2317,2439,2.460024600246,0.33133333,19.88,"Website Purchases",,50,5,5,5,5,,,60,,,,2018-11-13,2018-11-13
"SG_shopping_1111 - aha1110 - Copy",2018-11-20,23843037512240116,inactive,adset,,ERL2-shopify-1111-SGbasiccopy,6.10018439,3158,3254,1.1677934849416,0.52236842,19.85,"Website Purchases",,26,5,5,3,3,,,38,,,,2018-11-20,2018-11-20
"SG_shopping_1111 - aha1110 - Copy",2018-11-25,23843037512270116,inactive,adset,,ERL2-shopify-1111-SGbasiccopy,8.37769328,2289,2367,1.8166455428813,0.46116279,19.83,"Website Purchases",,41,6,6,3,3,,,43,,,,2018-11-25,2018-11-25
"EUgood_indie1%_1123 - aha1 - Copy1",2018-11-28,23843056676460116,inactive,adset,,ERL2-shopify-1123-EUbasicopy,6.79232351,2864,2918,2.2960932145305,0.2958209,19.82,"Website Purchases",,50,1,1,,,,,67,,,,2018-11-28,2018-11-28
"EUgood_indie2%_1125 - aha1",2018-12-01,23843059358630116,inactive,adset,,ERL2-shopify-1123-EUbasicopy,8.57947163,2267,2309,2.7284538761369,0.31444444,19.81,"Website Purchases",,48,1,1,1,1,,,63,,,,2018-12-01,2018-12-01
"SG_shopping_1019 - aha1110",2018-12-02,23842995495230116,active,adset,,ERL2-shopify-test-1019,5.13780551,3527,3846,1.0400416016641,0.494,19.76,"Website Purchases",,32,3,3,1,1,,,40,,,,2018-12-02,2018-12-02
"US_sportEquip_1201 - ahaold",2018-12-01,23843067337530116,inactive,adset,,ERL2-shopify-1125-newTest,15.93548387,1239,1240,1.7741935483871,0.89818182,19.76,"Website Purchases",19.76,17,,,1,1,,,22,1,94,4.75708502,2018-12-01,2018-12-01
"EUgood_indie1%_1120 - aha1110",2018-11-28,23843053055970116,active,adset,,ERL2-shopify-test-1019,6.71195652,2891,2944,1.9361413043478,0.34666667,19.76,"Website Purchases",,44,6,6,3,3,1,1,57,,,,2018-11-28,2018-11-28
"EUgood_indie2%_1127 - aha1 - Copy",2018-12-01,23843062694700116,active,adset,,ERL2-shopify-1123-EUbasicopy,7.37588652,2625,2679,2.8742067935797,0.25662338,19.76,"Website Purchases",19.76,61,4,4,3,3,1,1,77,1,49,2.47975709,2018-12-01,2018-12-01
US_ERLpurchase2%_only_1130-aha,2018-12-02,23843066298620116,inactive,adset,,ERL2-shopify-1026-UStest,16.05691057,1211,1230,4.6341463414634,0.34649123,19.75,"Website Purchases",,49,,,,,,,57,,,,2018-12-02,2018-12-02
US_indie1%_1120-land2-schedule,2018-11-23,23843053073680116,inactive,adset,,ERL2-shopify-1023-USbasicopy,23.29397875,815,847,3.0696576151122,0.75884615,19.73,"Website Purchases",19.73,17,2,2,1,1,,,26,1,49,2.48352762,2018-11-23,2018-11-23
"SG_earlyadopter_1125 - ahaold",2018-11-28,23843059982370116,inactive,adset,,ERL2-shopify-1125-newTest,5.91072499,3180,3338,0.98861593768724,0.59787879,19.73,"Website Purchases",19.73,26,1,1,3,3,1,1,33,1,49,2.48352762,2018-11-28,2018-11-28
"SG_sportEquip_1201 - ahaold-newpic",2018-12-02,23843067857650116,inactive,adset,,ERL2-shopify-1201-sportEquitTest,4.3907329,3772,4489,1.0024504343952,0.438,19.71,"Website Purchases",19.71,39,5,5,2,2,1,1,45,1,49,2.48604769,2018-12-02,2018-12-02
US_ERLadct30-1%_1129-aha,2018-12-01,23843065433680116,active,adset,,ERL2-shopify-1129-AddtoCart-Test,18.283859,1029,1078,4.1743970315399,0.438,19.71,"Website Purchases",,34,1,1,2,2,2,2,45,,,,2018-12-01,2018-12-01
"US_ERLpurchase1%_1029 - feature",2018-11-12,23843012050170116,inactive,adset,,ERL2-shopify-1029-Lookalike1%-test,16.28099174,1168,1210,3.2231404958678,0.50512821,19.7,"Website Purchases",,35,3,3,1,1,,,39,,,,2018-11-12,2018-11-12
"AU_sportEquip_1201 - ahaold",2018-12-01,23843067342020116,inactive,adset,,ERL2-shopify-1125-newTest,9.10351201,2081,2164,2.3105360443623,0.394,19.7,"Website Purchases",19.7,45,3,3,2,2,1,1,50,1,49,2.48730964,2018-12-01,2018-12-01
US_ERLadct30-1%_1129-aha,2018-12-02,23843065433680116,active,adset,,ERL2-shopify-1129-AddtoCart-Test,18.56738926,1034,1061,5.7492931196984,0.32295082,19.7,"Website Purchases",,50,5,5,1,1,,,61,,,,2018-12-02,2018-12-02
US_ERLpurchase1%_1120-feature-schedule,2018-11-22,23843053073670116,inactive,adset,,ERL2-shopify-1023-USbasicopy,16.26446281,1193,1210,2.7272727272727,0.59636364,19.68,"Website Purchases",,25,2,2,,,,,33,,,,2018-11-22,2018-11-22
"SG_earlyadopter_1125 - ahaold",2018-11-29,23843059982370116,inactive,adset,,ERL2-shopify-1125-newTest,6.14807873,3085,3201,0.84348641049672,0.72888889,19.68,"Website Purchases",19.68,23,1,1,1,1,1,1,27,1,49,2.4898374,2018-11-29,2018-11-29
US_ERLpurchase1%_1120-feature-schedule,2018-11-25,23843053073670116,inactive,adset,,ERL2-shopify-1023-USbasicopy,21.79401993,892,903,3.1007751937984,0.70285714,19.68,"Website Purchases",,24,,,,,,,28,,,,2018-11-25,2018-11-25
"EUgood_indie1%_1123 - aha1 - Copy1",2018-12-01,23843056676460116,inactive,adset,,ERL2-shopify-1123-EUbasicopy,9.54854369,2011,2060,3.5436893203883,0.26945205,19.67,"Website Purchases",,57,6,6,3,3,1,1,73,,,,2018-12-01,2018-12-01
"SG_shopping_1019 - aha1110",2018-11-16,23842995495230116,active,adset,,ERL2-shopify-test-1019,6.82638889,2793,2880,1.1458333333333,0.59575758,19.66,"Website Purchases",,29,3,3,3,3,,,33,,,,2018-11-16,2018-11-16
US_ERLpurchase1%_1120-feature-schedule,2018-11-28,23843053073670116,inactive,adset,,ERL2-shopify-1023-USbasicopy,22.00447928,880,893,3.2474804031355,0.67758621,19.65,"Website Purchases",,27,1,1,1,1,,,29,,,,2018-11-28,2018-11-28
"EUgood_indie1%_1125 - aha1 - Copy 21",2018-11-28,23843059969090116,inactive,adset,,ERL2-shopify-1123-EUbasicopy,7.83945687,2448,2504,2.9952076677316,0.26173333,19.63,"Website Purchases",,57,2,2,,,,,75,,,,2018-11-28,2018-11-28
"SG_shopping_1111 - aha1110 - Copy",2018-11-16,23843037512240116,inactive,adset,,ERL2-shopify-1111-SGbasiccopy,7.64614186,2466,2566,1.2860483242401,0.59454545,19.62,"Website Purchases",,33,5,5,3,3,,,33,,,,2018-11-16,2018-11-16
"SG_earlyadopter_1125 - ahaold",2018-12-02,23843059982370116,inactive,adset,,ERL2-shopify-1125-newTest,6.89279438,2656,2845,1.6520210896309,0.41723404,19.61,"Website Purchases",,43,6,6,5,5,,,47,,,,2018-12-02,2018-12-02
"SG_earlyadopter_1125 - ahaold",2018-12-03,23843059982370116,inactive,adset,,ERL2-shopify-1125-newTest,6.71237573,2648,2917,1.5083990401097,0.445,19.58,"Website Purchases",,35,2,2,2,2,,,44,,,,2018-12-03,2018-12-03
US_ERLpurchase2%_1120-ahaold-schedule,2018-11-22,23843053073640116,inactive,adset,,ERL2-shopify-1023-USbasicopy,18.69856459,1014,1045,1.9138755980861,0.977,19.54,"Website Purchases",19.54,17,2,2,1,1,1,1,20,1,147,7.52302968,2018-11-22,2018-11-22
"SG_sportEquip_1129 - ahaold",2018-11-30,23843065498190116,active,adset,,ERL2-shopify-1125-newTest,5.44744912,3417,3587,1.1708948982437,0.4652381,19.54,"Website Purchases",9.77,38,2,2,2,2,2,2,42,2,98,5.01535312,2018-11-30,2018-11-30
SG_ERLadct30-1%_only_1129-aha,2018-11-30,23843065434350116,inactive,adset,,ERL2-shopify-1129-AddtoCart-Test,10.82685905,1567,1802,1.8312985571587,0.59121212,19.51,"Website Purchases",,31,7,7,2,2,,,33,,,,2018-11-30,2018-11-30
"SG_shopping_1125 - ahaold -newpic",2018-11-26,23843059979810116,inactive,adset,,ERL2-shopify-1125-newTest,10.33386328,1729,1887,1.2718600953895,0.8125,19.5,"Website Purchases",,19,1,1,,,,,24,,,,2018-11-26,2018-11-26
"US_ERLpurchase1%_1029 - feature",2018-11-16,23843012050170116,inactive,adset,,ERL2-shopify-1029-Lookalike1%-test,14.82889734,1286,1315,3.6501901140684,0.40625,19.5,"Website Purchases",,44,1,1,,,,,48,,,,2018-11-16,2018-11-16
"EUgood_indie2%_1127 - aha1 - Copy",2018-12-03,23843062694700116,active,adset,,ERL2-shopify-1123-EUbasicopy,8.49607672,2196,2294,3.3129904097646,0.25644737,19.49,"Website Purchases",19.49,63,4,4,3,3,1,1,76,1,49,2.5141098,2018-12-03,2018-12-03
US_ERLadct30-1%_1129-aha,2018-12-03,23843065433680116,active,adset,,ERL2-shopify-1129-AddtoCart-Test,16.12582781,1181,1208,5.546357615894,0.29074627,19.48,"Website Purchases",19.48,58,1,1,2,2,,,67,1,49,2.51540041,2018-12-03,2018-12-03
"SG_earlyadopter_1127 - ahaold - Copy",2018-11-29,23843062733180116,inactive,adset,,ERL2-shopify-1125-newTest,7.32028604,2500,2657,1.4678208505834,0.49871795,19.45,"Website Purchases",,35,8,8,4,4,,,39,,,,2018-11-29,2018-11-29
"SG_shopping_1019 - aha1110",2018-11-11,23842995495230116,active,adset,,ERL2-shopify-test-1019,6.60326087,2588,2944,2.241847826087,0.29454545,19.44,"Website Purchases",9.72,57,10,10,12,12,2,2,66,2,98,5.04115226,2018-11-11,2018-11-11
"SG_shopping_1019 - aha1110",2018-11-29,23842995495230116,active,adset,,ERL2-shopify-test-1019,5.77025824,3177,3369,1.5138023152271,0.38117647,19.44,"Website Purchases",19.44,47,12,12,9,9,1,1,51,1,49,2.52057613,2018-11-29,2018-11-29
"SG_shopping_1019 - aha1110",2018-11-26,23842995495230116,active,adset,,ERL2-shopify-test-1019,6.79383969,2742,2857,1.0150507525376,0.66931034,19.41,"Website Purchases",6.47,23,2,2,3,3,1,1,29,3,147,7.57341577,2018-11-26,2018-11-26
"SG_shopping_1111 - aha1110 - Copy",2018-11-16,23843037512270116,inactive,adset,,ERL2-shopify-1111-SGbasiccopy,8.0952381,2309,2394,1.796157059315,0.45069767,19.38,"Website Purchases",,32,2,2,1,1,,,43,,,,2018-11-16,2018-11-16
ID_adopter_engaged_1128-earpic,2018-11-28,23843063371980116,inactive,adset,,ERL2-shopify-1029-SouthEastAsia-test,1.84388386,9102,10505,0.89481199428843,0.20606383,19.37,"Website Purchases",19.37,47,5,5,2,2,1,1,94,1,49,2.52968508,2018-11-28,2018-11-28
"US_indie1%_1101 - land2 - Copy 22",2018-11-16,23843018643170116,inactive,adset,,ERL2-shopify-1023-USbasicopy,12.92194797,1450,1499,5.4703135423616,0.23621951,19.37,"Website Purchases",,72,,,,,,,82,,,,2018-11-16,2018-11-16
"SG_earlyadopter_1127 - ahaold - Copy",2018-11-28,23843062733180116,inactive,adset,,ERL2-shopify-1125-newTest,7.04553734,2592,2745,1.2021857923497,0.58606061,19.34,"Website Purchases",,31,3,3,4,4,,,33,,,,2018-11-28,2018-11-28
"SG_shopping_1019 - aha1110",2018-11-12,23842995495230116,active,adset,,ERL2-shopify-test-1019,6.79073034,2641,2848,2.1769662921348,0.31193548,19.34,"Website Purchases",6.4466666666667,54,11,11,9,9,3,3,62,3,147,7.6008273,2018-11-12,2018-11-12
"EUgood_indie2%_1127 - aha1 - Copy",2018-11-28,23843062694690116,inactive,adset,,ERL2-shopify-1123-EUbasicopy,6.71994441,2803,2878,2.3974982626824,0.28028986,19.34,"Website Purchases",,55,2,2,1,1,1,1,69,,,,2018-11-28,2018-11-28
"EUgood_indie2%_1127 - aha1 - Copy",2018-11-28,23843062694700116,active,adset,,ERL2-shopify-1123-EUbasicopy,6.79086116,2768,2845,2.8471001757469,0.23851852,19.32,"Website Purchases",19.32,56,3,3,1,1,1,1,81,1,49,2.53623188,2018-11-28,2018-11-28
"SG_shopping_1111 - aha1110 - Copy",2018-11-26,23843037512270116,inactive,adset,,ERL2-shopify-1111-SGbasiccopy,7.00761697,2659,2757,1.5233949945593,0.46,19.32,"Website Purchases",19.32,39,9,9,3,3,1,1,42,1,49,2.53623188,2018-11-26,2018-11-26
"EUgood_indie1%_1120 - aha1110",2018-11-26,23843053055970116,active,adset,,ERL2-shopify-test-1019,9.75745326,1910,1979,2.7791814047499,0.35109091,19.31,"Website Purchases",,46,2,2,2,2,,,55,,,,2018-11-26,2018-11-26
"SG_earlyadopter_1125 - ahaold",2018-11-26,23843059982370116,inactive,adset,,ERL2-shopify-1125-newTest,6.96028881,2588,2770,1.1913357400722,0.58424242,19.28,"Website Purchases",19.28,31,4,4,3,3,1,1,33,1,49,2.54149378,2018-11-26,2018-11-26
"US_ERL_addtocart1%_1123-aha - schedule",2018-11-25,23843056678770116,inactive,adset,,ERL2-shopify-1023-USbasicopy,17.14412811,1091,1124,3.55871886121,0.48175,19.27,"Website Purchases",,34,1,1,1,1,,,40,,,,2018-11-25,2018-11-25
"EUgood_indie1%_1125 - aha1 - Copy 21",2018-11-26,23843059969100116,inactive,adset,,ERL2-shopify-1123-EUbasicopy,10.4730832,1766,1839,2.8276237085372,0.37038462,19.26,"Website Purchases",,49,2,2,1,1,,,52,,,,2018-11-26,2018-11-26
"SG_shopping_1019 - aha1110",2018-11-13,23842995495230116,active,adset,,ERL2-shopify-test-1019,5.87912088,3042,3276,1.1294261294261,0.52054054,19.26,"Website Purchases",,33,5,5,5,5,,,37,,,,2018-11-13,2018-11-13
"EUgood_indie1%_1125 - aha1 - Copy 21",2018-12-01,23843059969090116,inactive,adset,,ERL2-shopify-1123-EUbasicopy,10.09973753,1869,1905,2.8346456692913,0.3562963,19.24,"Website Purchases",19.24,48,3,3,1,1,,,54,1,49,2.54677755,2018-12-01,2018-12-01
"SG_ERLpurchase1%_1123 - ahaold - schedule",2018-11-25,23843057853130116,inactive,adset,,ERL2-shopify-1111-SGbasiccopy,10.91940976,1591,1762,1.5323496027242,0.71259259,19.24,"Website Purchases",,22,5,5,6,6,,,27,,,,2018-11-25,2018-11-25
US_ERLpurchase1%_1120-feature-schedule,2018-11-23,23843053073670116,inactive,adset,,ERL2-shopify-1023-USbasicopy,13.82458663,1364,1391,2.372393961179,0.58272727,19.23,"Website Purchases",4.8075,27,5,5,5,5,3,3,33,4,196,10.1924077,2018-11-23,2018-11-23
"US_ERLpurchase1%_1123-feature-schedule - Copy",2018-11-25,23843057859240116,inactive,adset,,ERL2-shopify-1023-USbasicopy,18.90855457,1000,1017,2.9498525073746,0.641,19.23,"Website Purchases",,24,2,2,,,,,30,,,,2018-11-25,2018-11-25
US_ERLpurchase1%_1120-feature-schedule,2018-11-26,23843053073670116,inactive,adset,,ERL2-shopify-1023-USbasicopy,24.46564885,773,786,3.5623409669211,0.68678571,19.23,"Website Purchases",19.23,25,3,3,2,2,1,1,28,1,49,2.54810192,2018-11-26,2018-11-26
"SG_sport_1129 - ahaold",2018-11-30,23843065456270116,inactive,adset,,ERL2-shopify-1125-newTest,5.98690365,3062,3207,1.0913626442158,0.54857143,19.2,"Website Purchases",,23,1,1,,,,,35,,,,2018-11-30,2018-11-30
"HK_shopping_1111 - aha1110",2018-11-12,23843037601680116,inactive,adset,,ERL2-shopify-test-1019,5.88650307,3050,3260,2.638036809816,0.22313953,19.19,"Website Purchases",,73,15,15,12,12,,,86,,,,2018-11-12,2018-11-12
"EUgood_indie1%_1120 - aha1110",2018-12-03,23843053055970116,active,adset,,ERL2-shopify-test-1019,9.38356164,1947,2044,3.5714285714286,0.26273973,19.18,"Website Purchases",19.18,60,4,4,2,2,1,1,73,1,49,2.55474453,2018-12-03,2018-12-03
"EUgood_indie1%_1123 - aha1 - Copy1",2018-11-26,23843056676460116,inactive,adset,,ERL2-shopify-1123-EUbasicopy,9.12422656,2042,2101,2.8081865778201,0.32491525,19.17,"Website Purchases",,44,2,2,2,2,,,59,,,,2018-11-26,2018-11-26
"SG_shopping_1111 - aha1110 - Copy",2018-11-12,23843037512270116,inactive,adset,,ERL2-shopify-1111-SGbasiccopy,5.63069685,3166,3401,2.3228462216995,0.24240506,19.15,"Website Purchases",6.3833333333333,69,11,11,8,8,3,3,79,3,147,7.67624021,2018-11-12,2018-11-12
"SG_shopping_1111 - aha1110 - Copy",2018-11-12,23843037512240116,inactive,adset,,ERL2-shopify-1111-SGbasiccopy,5.2646086,3403,3628,1.5986769570011,0.32931034,19.1,"Website Purchases",9.55,48,9,9,9,9,1,1,58,2,98,5.13089005,2018-11-12,2018-11-12
"EUgood_indie1%only_1127 - aha1",2018-11-28,23843062696500116,inactive,adset,,ERL2-shopify-1123-EUbasicopy,5.92431762,3165,3224,1.2096774193548,0.48974359,19.1,"Website Purchases",,30,2,2,,,,,39,,,,2018-11-28,2018-11-28
US_indie1%_1120-land2-schedule,2018-11-22,23843053073680116,inactive,adset,,ERL2-shopify-1023-USbasicopy,23.68486352,789,806,3.4739454094293,0.68178571,19.09,"Website Purchases",,23,1,1,,,,,28,,,,2018-11-22,2018-11-22
"EUgood_indie1%_1123 - aha1 - Copy2",2018-11-25,23843056676450116,inactive,adset,,ERL2-shopify-1123-EUbasicopy,9.34867777,1978,2042,3.3790401567091,0.27666667,19.09,"Website Purchases",,57,2,2,2,2,,,69,,,,2018-11-25,2018-11-25
"EUgood_indie1%_1127 - aha1 - Copy 21",2018-11-28,23843062694660116,inactive,adset,,ERL2-shopify-1123-EUbasicopy,9.25206411,2006,2059,2.1855269548324,0.42333333,19.05,"Website Purchases",,31,1,1,,,,,45,,,,2018-11-28,2018-11-28
"SG_shopping_1111 - aha1110 - Copy",2018-11-13,23843037512270116,inactive,adset,,ERL2-shopify-1111-SGbasiccopy,5.92408214,3054,3214,1.6179215930305,0.36615385,19.04,"Website Purchases",,44,6,6,4,4,,,52,,,,2018-11-13,2018-11-13
"US_ERLpurchase1%_1112 - feature - Copy 2",2018-11-13,23843038817090116,inactive,adset,,ERL2-shopify-1029-Lookalike1%-test,22.02546296,850,864,2.7777777777778,0.79291667,19.03,"Website Purchases",,18,1,1,,,,,24,,,,2018-11-13,2018-11-13
"EUgood_indie1%_1127 - aha1 - Copy 21",2018-11-28,23843062694710116,inactive,adset,,ERL2-shopify-1123-EUbasicopy,9.26936191,2012,2053,1.7535314174379,0.52861111,19.03,"Website Purchases",,32,1,1,1,1,,,36,,,,2018-11-28,2018-11-28
"SG_shopping_1111 - aha1110 - Copy",2018-11-13,23843037512240116,inactive,adset,,ERL2-shopify-1111-SGbasiccopy,5.52016365,3232,3422,1.3150204558738,0.41977778,18.89,"Website Purchases",18.89,37,7,7,6,6,1,1,45,1,49,2.59396506,2018-11-13,2018-11-13
"MX_ERLpurchase1%_1112 - feature",2018-11-13,23843039112620116,inactive,adset,,ERL2-shopify-1029-Lookalike1%-test,1.76283847,10188,10710,1.624649859944,0.10850575,18.88,"Website Purchases",,119,20,20,17,17,1,1,174,,,,2018-11-13,2018-11-13
"EUgood_indie1%_1125 - aha1 - Copy 21",2018-12-02,23843059969090116,inactive,adset,,ERL2-shopify-1123-EUbasicopy,9.30473373,1996,2028,2.8599605522682,0.32534483,18.87,"Website Purchases",,50,,,1,1,,,58,,,,2018-12-02,2018-12-02
"SG_shopping_1112 - aha1110-INS",2018-11-13,23843039159140116,inactive,adset,,ERL2-shopify-test-1019,5.25376464,3410,3586,1.2827663134412,0.40956522,18.84,"Website Purchases",,36,5,5,6,6,,,46,,,,2018-11-13,2018-11-13
"SG_engaged_1112 - aha1110",2018-11-13,23843039158860116,inactive,adset,,ERL2-shopify-test-1019,6.09669046,2851,3082,1.7521090201168,0.34796296,18.79,"Website Purchases",,49,9,9,7,7,,,54,,,,2018-11-13,2018-11-13
US_ERLpurchase2%_1128-earpic,2018-11-29,23843062733840116,inactive,adset,,ERL2-shopify-1113-Lookalike2%-test,17.91586998,1015,1046,4.3977055449331,0.4073913,18.74,"Website Purchases",,42,,,,,,,46,,,,2018-11-29,2018-11-29
"US_sportEquip_1201 - ahaold",2018-12-02,23843067337530116,inactive,adset,,ERL2-shopify-1125-newTest,15.04453441,1226,1235,3.1578947368421,0.47641026,18.58,"Website Purchases",,34,5,5,2,2,,,39,,,,2018-12-02,2018-12-02
"EUgood_indie1%_1125 - aha1 -schedule",2018-11-26,23843059358730116,inactive,adset,,ERL2-shopify-1123-EUbasicopy,9.42581301,1915,1968,2.8455284552846,0.33125,18.55,"Website Purchases",18.55,46,4,4,2,2,1,1,56,1,49,2.64150943,2018-11-26,2018-11-26
US_ERLpurchase1%_1120-feature-schedule,2018-12-02,23843053073670116,inactive,adset,,ERL2-shopify-1023-USbasicopy,21.06432749,836,855,4.4444444444444,0.47394737,18.01,"Website Purchases",,35,3,3,,,,,38,,,,2018-12-02,2018-12-02
"SG_ERLpurchase1%_1123 - ahaold - schedule",2018-11-26,23843057853130116,inactive,adset,,ERL2-shopify-1111-SGbasiccopy,9.34383202,1729,1905,1.0498687664042,0.89,17.8,"Website Purchases",,19,1,1,,,,,20,,,,2018-11-26,2018-11-26
"US_ERL_addtocart1%_1123-aha - schedule",2018-11-24,23843056678770116,inactive,adset,,ERL2-shopify-1023-USbasicopy,21.78921569,786,816,4.0441176470588,0.53878788,17.78,"Website Purchases",,27,1,1,1,1,,,33,,,,2018-11-24,2018-11-24
"US_indie1%_1101 - land2 - Copy 22",2018-11-25,23843018643170116,inactive,adset,,ERL2-shopify-1023-USbasicopy,17.91029562,953,981,4.7910295616718,0.37382979,17.57,"Website Purchases",,42,3,3,2,2,,,47,,,,2018-11-25,2018-11-25
US_ERLadct30-1%_1129-aha,2018-12-04,23843065433680116,active,adset,,ERL2-shopify-1129-AddtoCart-Test,19.01408451,886,923,5.5254604550379,0.34411765,17.55,"Website Purchases",,43,1,1,,,,,51,,,,2018-12-04,2018-12-04
"US_indie1%_1101 - land2 - Copy 22",2018-11-17,23843018643170116,inactive,adset,,ERL2-shopify-1023-USbasicopy,12.4120603,1364,1393,3.2304379038047,0.38422222,17.29,"Website Purchases",,36,3,3,2,2,,,45,,,,2018-11-17,2018-11-17
US_ERLpurchase1%_1120-feature-schedule,2018-11-24,23843053073670116,inactive,adset,,ERL2-shopify-1023-USbasicopy,19.85040276,847,869,1.7261219792865,1.15,17.25,"Website Purchases",,12,,,,,,,15,,,,2018-11-24,2018-11-24
"SG_ERLpurchase1%_1123 - ahaold - schedule",2018-11-24,23843057853130116,inactive,adset,,ERL2-shopify-1111-SGbasiccopy,11.39349701,1376,1507,1.5925680159257,0.71541667,17.17,"Website Purchases",17.17,22,6,6,5,5,1,1,24,1,49,2.85381479,2018-11-24,2018-11-24
US_ERLpurchase2%_1120-ahaold-schedule,2018-11-24,23843053073640116,inactive,adset,,ERL2-shopify-1023-USbasicopy,19.22732363,862,893,3.3594624860022,0.57233333,17.17,"Website Purchases",,25,,,,,,,30,,,,2018-11-24,2018-11-24
"US_ERLpurchase1%_1029 - feature",2018-11-17,23843012050170116,inactive,adset,,ERL2-shopify-1029-Lookalike1%-test,13.73397436,1230,1248,1.8429487179487,0.74521739,17.14,"Website Purchases",,20,,,,,,,23,,,,2018-11-17,2018-11-17
"SG_shopping_1113 - ahaold - Copy 4",2018-11-21,23843041171310116,not_delivering,adset,,ERL2-shopify-1111-SGbasiccopy,6.32205281,2655,2689,0.8925251022685,0.70833333,17,"Website Purchases",17,20,5,5,5,5,1,1,24,1,49,2.88235294,2018-11-21,2018-11-21
"US_ERLpurchase1%_1123-feature-schedule - Copy",2018-11-24,23843057859240116,inactive,adset,,ERL2-shopify-1023-USbasicopy,23.84505022,675,697,2.7259684361549,0.87473684,16.62,"Website Purchases",,15,1,1,1,1,,,19,,,,2018-11-24,2018-11-24
"EUgood_indie2%_only_1130 - aha1",2018-12-04,23843066303410116,active,adset,,ERL2-shopify-1130-EUtest,7.09161625,2252,2314,3.4140017286085,0.20772152,16.41,"Website Purchases",16.41,63,5,5,5,5,1,1,79,1,49,2.98598416,2018-12-04,2018-12-04
"US_indie1%_1101 - land2 - Copy 22",2018-11-24,23843018643170116,inactive,adset,,ERL2-shopify-1023-USbasicopy,21.35770235,737,766,4.5691906005222,0.46742857,16.36,"Website Purchases",,30,1,1,1,1,,,35,,,,2018-11-24,2018-11-24
US_ERLadct30d-1%Noover_1203-aha,2018-12-04,23843070503560116,inactive,adset,,ERL2-shopify-1203-structure-US,11.47308782,1367,1412,1.4872521246459,0.77142857,16.2,"Website Purchases",,17,,,,,,,21,,,,2018-12-04,2018-12-04
US_ERL_addtocart1%_1125-aha1,2018-11-26,23843059904840116,inactive,adset,,ERL2-shopify-1029-Lookalike1%-test,23.97865854,619,656,2.2865853658537,1.04866667,15.73,"Website Purchases",15.73,13,1,1,1,1,1,1,15,1,49,3.11506675,2018-11-26,2018-11-26
"EUgood_indie2%_1127 - aha1 - Copy",2018-12-04,23843062694700116,active,adset,,ERL2-shopify-1123-EUbasicopy,8.77104377,1745,1782,4.2087542087542,0.2084,15.63,"Website Purchases",,54,4,4,1,1,,,75,,,,2018-12-04,2018-12-04
"SG_shopping_1019 - aha1110",2018-11-17,23842995495230116,active,adset,,ERL2-shopify-test-1019,6.95067265,2173,2230,1.3452914798206,0.51666667,15.5,"Website Purchases",15.5,27,3,3,3,3,1,1,30,1,49,3.16129032,2018-11-17,2018-11-17
"SG_sportEquip_1129 - ahaold",2018-12-04,23843065498190116,active,adset,,ERL2-shopify-1125-newTest,7.20821662,1956,2142,2.3342670401494,0.3088,15.44,"Website Purchases",15.44,35,6,6,2,2,1,1,50,1,49,3.17357513,2018-12-04,2018-12-04
US_ERLpurchase3%_1125-aha,2018-11-25,23843059358330116,active,adset,,ERL2-shopify-1026-UStest,23.86996904,638,646,4.1795665634675,0.57111111,15.42,"Website Purchases",15.42,21,2,2,1,1,1,1,27,1,49,3.17769131,2018-11-25,2018-11-25
"EUgood_headphone&brands_1130 - aha1",2018-12-01,23843066311820116,inactive,adset,,ERL2-shopify-1130-EUtest,8.00207577,1920,1927,2.0757654385054,0.3855,15.42,"Website Purchases",,31,1,1,1,1,,,40,,,,2018-12-01,2018-12-01
DKFN_headphones_1031-newpic,2018-11-11,23843015535280116,inactive,adset,,ERL2-shopify-test-1019,15.79937304,906,957,2.4033437826541,0.6573913,15.12,"Website Purchases",,22,,,,,,,23,,,,2018-11-11,2018-11-11
"SG_shopping_1111 - aha1110 - Copy",2018-11-17,23843037512270116,inactive,adset,,ERL2-shopify-1111-SGbasiccopy,7.57178841,1928,1985,2.3173803526448,0.32673913,15.03,"Website Purchases",,37,5,5,2,2,,,46,,,,2018-11-17,2018-11-17
US_ERLpurchase4%_1125-aha,2018-11-25,23843059358510116,inactive,adset,,ERL2-shopify-1026-UStest,21.91240876,669,685,3.0656934306569,0.7147619,15.01,"Website Purchases",,18,,,,,,,21,,,,2018-11-25,2018-11-25
"EUgood_indie1%_1120 - aha1110",2018-12-04,23843053055970116,active,adset,,ERL2-shopify-test-1019,9.82961992,1467,1526,3.2110091743119,0.30612245,15,"Website Purchases",,40,5,5,3,3,,,49,,,,2018-12-04,2018-12-04
US_ERL_addtocart1%_1120-aha,2018-11-28,23843055847870116,inactive,adset,,ERL2-shopify-1029-Lookalike1%-test,12.80581694,1157,1169,2.8229255774166,0.45363636,14.97,"Website Purchases",,30,,,,,,,33,,,,2018-11-28,2018-11-28
"SG_shopping_1111 - aha1110 - Copy",2018-11-17,23843037512240116,inactive,adset,,ERL2-shopify-1111-SGbasiccopy,7.93140407,1819,1866,1.5005359056806,0.52857143,14.8,"Website Purchases",,26,1,1,1,1,,,28,,,,2018-11-17,2018-11-17
US_ERL_addtocart1%_1120-aha,2018-11-26,23843055847870116,inactive,adset,,ERL2-shopify-1029-Lookalike1%-test,11.36543015,1254,1267,3.2359905288082,0.35121951,14.4,"Website Purchases",,35,,,,,,,41,,,,2018-11-26,2018-11-26
"US_indie1%_1101 - land2 - Copy 22",2018-11-20,23843018643170116,inactive,adset,,ERL2-shopify-1023-USbasicopy,16.25425653,848,881,5.1078320090806,0.31822222,14.32,"Website Purchases",14.32,39,3,3,2,2,1,1,45,1,49,3.42178771,2018-11-20,2018-11-20
US_ERL_addtocart1%_1125-aha1,2018-11-28,23843059904840116,inactive,adset,,ERL2-shopify-1029-Lookalike1%-test,21.50455927,645,658,1.8237082066869,1.17916667,14.15,"Website Purchases",,10,1,1,,,,,12,,,,2018-11-28,2018-11-28
US_ERL_addtocart1%_1120-aha,2018-11-24,23843055847870116,inactive,adset,,ERL2-shopify-1029-Lookalike1%-test,22.30769231,609,624,2.5641025641026,0.87,13.92,"Website Purchases",,12,,,,,,,16,,,,2018-11-24,2018-11-24
"SG_shopping_1111 - aha1110 - Copy",2018-11-11,23843037512270116,inactive,adset,,ERL2-shopify-1111-SGbasiccopy,8.33029751,1561,1647,3.0965391621129,0.26901961,13.72,"Website Purchases",,43,4,4,4,4,,,51,,,,2018-11-11,2018-11-11
"SG_shopping_1019 - aha1110",2018-12-04,23842995495230116,active,adset,,ERL2-shopify-test-1019,7.12799168,1771,1922,1.8730489073881,0.38055556,13.7,"Website Purchases",,28,4,4,2,2,,,36,,,,2018-12-04,2018-12-04
"SG_shopping_1111 - aha1110 - Copy",2018-11-11,23843037512240116,inactive,adset,,ERL2-shopify-1111-SGbasiccopy,8.02932551,1626,1705,3.2258064516129,0.24890909,13.69,"Website Purchases",,47,6,6,4,4,,,55,,,,2018-11-11,2018-11-11
"SG_shopping_1113 - ahaold - Copy 4",2018-11-13,23843041171310116,not_delivering,adset,,ERL2-shopify-1111-SGbasiccopy,6.31530282,2101,2163,1.3869625520111,0.45533333,13.66,"Website Purchases",13.66,21,6,6,4,4,1,1,30,1,49,3.58711567,2018-11-13,2018-11-13
"SG_shopping_1113 - ahaold - Copy 3",2018-11-13,23843041171340116,not_delivering,adset,,ERL2-shopify-1111-SGbasiccopy,6.10215054,2190,2232,1.3440860215054,0.454,13.62,"Website Purchases",,24,4,4,2,2,,,30,,,,2018-11-13,2018-11-13
"US_ERLpurchase1%_1112 - feature - Copy 2",2018-11-12,23843038817090116,inactive,adset,,ERL2-shopify-1029-Lookalike1%-test,25.42372881,521,531,2.8248587570621,0.9,13.5,"Website Purchases",,12,,,,,,,15,,,,2018-11-12,2018-11-12
US_ERLpurchase3%_1120-ahaold,2018-11-21,23843051910740116,inactive,adset,,ERL2-shopify-1119-Lookalike3%-test,11.10378913,1207,1214,3.0477759472817,0.36432432,13.48,"Website Purchases",,33,1,1,1,1,1,1,37,,,,2018-11-21,2018-11-21
"US_ERLpurchase1%_1112 - feature - Copy 3",2018-11-12,23843038817100116,inactive,adset,,ERL2-shopify-1029-Lookalike1%-test,18.8028169,699,710,2.9577464788732,0.63571429,13.35,"Website Purchases",13.35,20,4,4,3,3,1,1,21,1,49,3.67041199,2018-11-12,2018-11-12
"KR_indiegogo1%_1126 - aha",2018-11-26,23843060333630116,inactive,adset,,ERL2-shopify-test-1019,12.63507109,1006,1055,3.8862559241706,0.32512195,13.33,"Website Purchases",,35,1,1,,,,,41,,,,2018-11-26,2018-11-26
US_ERLpurchase2%_only_1130-aha,2018-11-30,23843066298620116,inactive,adset,,ERL2-shopify-1026-UStest,20.35603715,639,646,3.5603715170279,0.57173913,13.15,"Website Purchases",13.15,19,1,1,1,1,1,1,23,1,49,3.72623574,2018-11-30,2018-11-30
"US_indie1%_1101 - land2 - Copy 22",2018-11-21,23843018643170116,inactive,adset,,ERL2-shopify-1023-USbasicopy,11.70932358,1072,1094,3.290676416819,0.35583333,12.81,"Website Purchases",,31,2,2,1,1,,,36,,,,2018-11-21,2018-11-21
"SG_shopping_1019 - aha1110",2018-11-21,23842995495230116,active,adset,,ERL2-shopify-test-1019,7.83185841,1569,1582,0.82174462705436,0.95307692,12.39,"Website Purchases",,12,2,2,,,,,13,,,,2018-11-21,2018-11-21
"EU1_indie1%_1119 - aha1110",2018-11-24,23843051908480116,inactive,adset,,ERL2-shopify-test-1019,8.75452571,1350,1381,4.3446777697321,0.2015,12.09,"Website Purchases",,52,10,10,8,8,,,60,,,,2018-11-24,2018-11-24
"US_ERLpayment1%_1030-land2 - Copy",2018-11-12,23843013968220116,inactive,adset,,ERL2-shopify-1029-Lookalike1%-test,22.85171103,515,526,3.4220532319392,0.66777778,12.02,"Website Purchases",,15,,,,,,,18,,,,2018-11-12,2018-11-12
"US_sportEquip_1201 - ahaold-newpic",2018-12-01,23843067857640116,inactive,adset,,ERL2-shopify-1201-sportEquitTest,18.61417323,635,635,2.2047244094488,0.84428571,11.82,"Website Purchases",,10,1,1,,,,,14,,,,2018-12-01,2018-12-01
"SG_sportEquip_1201 - ahaold-newpic",2018-12-01,23843067857650116,inactive,adset,,ERL2-shopify-1201-sportEquitTest,6.35142397,1723,1861,1.3433637829124,0.4728,11.82,"Website Purchases",,24,4,4,4,4,1,1,25,,,,2018-12-01,2018-12-01
"EUgood_indie2%_1127 - aha1 - Copy",2018-11-29,23843062694690116,inactive,adset,,ERL2-shopify-1123-EUbasicopy,8.08087731,1436,1459,3.3584647018506,0.24061224,11.79,"Website Purchases",,43,3,3,2,2,,,49,,,,2018-11-29,2018-11-29
"US_sportEquip_1201 - aha-newpic",2018-12-01,23843067860710116,inactive,adset,,ERL2-shopify-1201-sportEquitTest,17.76772247,663,663,1.8099547511312,0.98166667,11.78,"Website Purchases",,8,,,,,,,12,,,,2018-12-01,2018-12-01
"US_indie1%_1101 - land2 - Copy 22",2018-11-12,23843018643190116,inactive,adset,,ERL2-shopify-1023-USbasicopy,16.68091168,683,702,3.1339031339031,0.53227273,11.71,"Website Purchases",,19,,,,,,,22,,,,2018-11-12,2018-11-12
"SG_earlyadopter_1125 - ahaold",2018-12-04,23843059982370116,inactive,adset,,ERL2-shopify-1125-newTest,7.9739011,1336,1456,1.3049450549451,0.61105263,11.61,"Website Purchases",,20,7,7,3,3,,,19,,,,2018-12-04,2018-12-04
"SG_shopping_1125 - ahaold -newpic",2018-11-28,23843059979810116,inactive,adset,,ERL2-shopify-1125-newTest,10.09700176,1090,1134,1.4109347442681,0.715625,11.45,"Website Purchases",,11,2,2,1,1,,,16,,,,2018-11-28,2018-11-28
"EUgood_indie1%_1123 - aha1 - Copy1",2018-11-23,23843056676460116,inactive,adset,,ERL2-shopify-1123-EUbasicopy,9.90063234,1075,1107,3.0713640469738,0.32235294,10.96,"Website Purchases",,28,2,2,,,,,34,,,,2018-11-23,2018-11-23
"ID_ERLpurchase1%_1112 - feature",2018-11-12,23843039144140116,inactive,adset,,ERL2-shopify-1029-SouthEastAsia-test,0.86239847,12320,12558,1.0272336359293,0.08395349,10.83,"Website Purchases",,72,10,10,8,8,1,1,129,,,,2018-11-12,2018-11-12
"HK_shopping_1111 - aha1110",2018-11-11,23843037601680116,inactive,adset,,ERL2-shopify-test-1019,7.80363636,1289,1375,3.2,0.24386364,10.73,"Website Purchases",,37,8,8,6,6,,,44,,,,2018-11-11,2018-11-11
"EUgood_indie2%_1125 - aha1",2018-11-25,23843059358630116,inactive,adset,,ERL2-shopify-1123-EUbasicopy,12.91666667,801,816,2.5735294117647,0.50190476,10.54,"Website Purchases",,16,1,1,1,1,,,21,,,,2018-11-25,2018-11-25
"US_ERLpurchase1%_1111 - feature - Copy",2018-11-11,23843037514000116,inactive,adset,,ERL2-shopify-1029-Lookalike1%-test,20.32586558,475,491,2.8513238289206,0.71285714,9.98,"Website Purchases",,14,,,,,,,14,,,,2018-11-11,2018-11-11
"EUgood_indie1%_1125 - aha1 -schedule",2018-11-25,23843059358730116,inactive,adset,,ERL2-shopify-1123-EUbasicopy,10.1344364,956,967,3.5160289555326,0.28823529,9.8,"Website Purchases",,25,3,3,2,2,,,34,,,,2018-11-25,2018-11-25
"TW_ERLpurchase1%_1113 - feature",2018-11-13,23843041121040116,inactive,adset,,ERL2-shopify-1029-Lookalike1%-test,3.46236559,2672,2790,3.5125448028674,0.09857143,9.66,"Website Purchases",9.66,88,16,16,13,13,1,1,98,1,49,5.07246377,2018-11-13,2018-11-13
"EU1_indie1%_1024 - aha1110",2018-11-11,23843004831550116,inactive,adset,,ERL2-shopify-test-1019,8.20272572,1136,1174,3.4923339011925,0.23487805,9.63,"Website Purchases",,31,,,,,,,41,,,,2018-11-11,2018-11-11
"ID_ERLpurchase1%_engaged_1128 - feature",2018-11-28,23843063743690116,inactive,adset,,ERL2-shopify-1029-SouthEastAsia-test,2.72031737,3420,3529,1.5868517993766,0.17142857,9.6,"Website Purchases",,33,2,2,1,1,,,56,,,,2018-11-28,2018-11-28
"SG_sportEquip_1201 - ahaold-newpic",2018-12-03,23843067857650116,inactive,adset,,ERL2-shopify-1201-sportEquitTest,6.50727651,1278,1443,2.009702009702,0.3237931,9.39,"Website Purchases",,24,5,5,2,2,,,29,,,,2018-12-03,2018-12-03
"EU1_indie1%_1119 - aha1110",2018-11-21,23843051908480116,inactive,adset,,ERL2-shopify-test-1019,4.52949781,2023,2051,2.6328620185275,0.17203704,9.29,"Website Purchases",,36,4,4,2,2,,,54,,,,2018-11-21,2018-11-21
"EU1_indie1%_1119 - aha1110",2018-11-20,23843051908480116,inactive,adset,,ERL2-shopify-test-1019,3.97319498,2240,2313,2.8534370946822,0.13924242,9.19,"Website Purchases",4.595,50,5,5,3,3,1,1,66,2,98,10.66376496,2018-11-20,2018-11-20
"SG_earlyadopter_1126 - ahaold - newpic",2018-11-26,23843060586660116,inactive,adset,,ERL2-shopify-1125-newTest,11.6395664,693,738,1.6260162601626,0.71583333,8.59,"Website Purchases",,10,1,1,1,1,,,12,,,,2018-11-26,2018-11-26
US_ERLpurchase1%_1126-feature-me,2018-11-27,23843060739420116,inactive,adset,,ERL2-shopify-1026-UStest,27.61744966,289,298,1.6778523489933,1.646,8.23,"Website Purchases",,5,,,,,,,5,,,,2018-11-27,2018-11-27
ID_indiegogo1%_engaged_1128-earpic,2018-11-28,23843063371620116,inactive,adset,,ERL2-shopify-1029-SouthEastAsia-test,2.07601573,3707,3815,1.1795543905636,0.176,7.92,"Website Purchases",,22,1,1,,,,,45,,,,2018-11-28,2018-11-28
"UK_ERLpurchase1%_1112 - feature",2018-11-12,23843039109070116,inactive,adset,,ERL2-shopify-1029-Lookalike1%-test,8.48484848,906,924,1.9480519480519,0.43555556,7.84,"Website Purchases",,16,,,,,,,18,,,,2018-11-12,2018-11-12
EUgood_ERLvisitors30d_1203,2018-12-04,23843070488340116,active,adset,,ERL2-shopify-1129-retarget,12.71986971,507,614,5.5374592833876,0.22970588,7.81,"Website Purchases",7.81,28,2,2,2,2,1,1,34,1,49,6.27400768,2018-12-04,2018-12-04
"TW_ERLpurchase1%_1113 - feature",2018-11-14,23843041121040116,inactive,adset,,ERL2-shopify-1029-Lookalike1%-test,3.82851446,1929,2006,2.9910269192423,0.128,7.68,"Website Purchases",,55,3,3,2,2,,,60,,,,2018-11-14,2018-11-14
"SG_shopping_1128 - ahaold-gif",2018-11-28,23843063811640116,inactive,adset,,ERL2-shopify-1125-newTest,13.12820513,572,585,1.7094017094017,0.768,7.68,"Website Purchases",,10,2,2,1,1,,,10,,,,2018-11-28,2018-11-28
SG_ERLvisitors30d_1203,2018-12-04,23843070490210116,active,adset,,ERL2-shopify-1129-retarget,10.94573643,540,645,2.6356589147287,0.41529412,7.06,"Website Purchases",7.06,13,6,6,4,4,,,17,1,94,13.31444759,2018-12-04,2018-12-04
"SG_engaged_1112 - aha1110",2018-11-12,23843039158860116,inactive,adset,,ERL2-shopify-test-1019,6.99702676,966,1009,3.5678889990089,0.19611111,7.06,"Website Purchases",,34,5,5,4,4,,,36,,,,2018-11-12,2018-11-12
"SG_shopping_1112 - aha1110-INS",2018-11-12,23843039159140116,inactive,adset,,ERL2-shopify-test-1019,6.17152962,1126,1131,2.3872679045093,0.25851852,6.98,"Website Purchases",,20,,,,,,,27,,,,2018-11-12,2018-11-12
"EUgood_headphone&brands_1130 - aha1",2018-11-30,23843066311820116,inactive,adset,,ERL2-shopify-1130-EUtest,8.51758794,796,796,2.5125628140704,0.339,6.78,"Website Purchases",,17,1,1,,,,,20,,,,2018-11-30,2018-11-30
"US_ERL_addtocart1%_1123-aha - schedule",2018-11-23,23843056678770116,inactive,adset,,ERL2-shopify-1023-USbasicopy,14.24947146,467,473,2.1141649048626,0.674,6.74,"Website Purchases",,7,,,,,,,10,,,,2018-11-23,2018-11-23
ID_adopter_engaged_1128,2018-11-28,23843063926950116,inactive,adset,,ERL2-shopify-1029-SouthEastAsia-test,2.53748558,2537,2601,0.9996155324875,0.25384615,6.6,"Website Purchases",,16,1,1,,,,,26,,,,2018-11-28,2018-11-28
"JP_indiegogo1%_1126 - aha",2018-11-26,23843060336300116,inactive,adset,,ERL2-shopify-test-1019,12.00729927,527,548,1.6423357664234,0.73111111,6.58,"Website Purchases",,9,,,,,,,9,,,,2018-11-26,2018-11-26
"SG_earlyadopter_1126 - ahaold - newpic",2018-11-27,23843060586660116,inactive,adset,,ERL2-shopify-1125-newTest,12.71966527,463,478,0.83682008368201,1.52,6.08,"Website Purchases",,4,,,,,,,4,,,,2018-11-27,2018-11-27
MY_ERLpayment1%_1031,2018-11-11,23843015234420116,inactive,adset,,ERL2-shopify-1029-SouthEastAsia-test,6.77890011,848,891,3.030303030303,0.2237037,6.04,"Website Purchases",,18,1,1,1,1,,,27,,,,2018-11-11,2018-11-11
US_ERLpurchase3%_only_1129-aha,2018-11-29,23843065434730116,active,adset,,ERL2-shopify-1026-UStest,18.40136054,293,294,1.7006802721088,1.082,5.41,"Website Purchases",5.41,4,,,1,1,,,5,1,49,9.05730129,2018-11-29,2018-11-29
US_ERLvisitors30d_1129-earpic,2018-11-30,23843065437030116,active,adset,,ERL2-shopify-1129-retarget,34.37086093,142,151,3.3112582781457,1.038,5.19,"Website Purchases",5.19,6,,,1,1,1,1,5,1,49,9.44123314,2018-11-30,2018-11-30
US_ERLvisitors30d_1129-earpic,2018-12-02,23843065437030116,active,adset,,ERL2-shopify-1129-retarget,26.86170213,167,188,9.5744680851064,0.28055556,5.05,"Website Purchases",,16,,,,,,,18,,,,2018-12-02,2018-12-02
US_ERLvisitors30d_1129-earpic,2018-12-03,23843065437030116,active,adset,,ERL2-shopify-1129-retarget,21.6,198,225,9.7777777777778,0.22090909,4.86,"Website Purchases",4.86,17,,,1,1,1,1,22,1,49,10.08230453,2018-12-03,2018-12-03
US_ERLvisitors30d_1129-earpic,2018-12-01,23843065437030116,active,adset,,ERL2-shopify-1129-retarget,33.67647059,126,136,6.6176470588235,0.50888889,4.58,"Website Purchases",,8,1,1,1,1,,,9,,,,2018-12-01,2018-12-01
US_ERLvisitors30d_1129-earpic,2018-12-04,23843065437030116,active,adset,,ERL2-shopify-1129-retarget,25.79617834,142,157,5.7324840764331,0.45,4.05,"Website Purchases",,8,,,,,,,9,,,,2018-12-04,2018-12-04
"SG_sport_1129 - ahaold",2018-11-29,23843065456270116,inactive,adset,,ERL2-shopify-1125-newTest,4.77722772,795,808,1.2376237623762,0.386,3.86,"Website Purchases",,10,1,1,1,1,1,1,10,,,,2018-11-29,2018-11-29
SG_earlyadopter_1129-earpic,2018-11-29,23843065440660116,inactive,adset,,ERL2-shopify-1125-newTest,6.84306569,545,548,0.72992700729927,0.9375,3.75,"Website Purchases",,3,,,1,1,,,4,,,,2018-11-29,2018-11-29
SG_ERLadct30-1%_only_1129-aha,2018-11-29,23843065434350116,inactive,adset,,ERL2-shopify-1129-AddtoCart-Test,12.19269103,297,301,1.328903654485,0.9175,3.67,"Website Purchases",,4,,,,,,,4,,,,2018-11-29,2018-11-29
"SG_sportEquip_1129 - ahaold",2018-11-29,23843065498190116,active,adset,,ERL2-shopify-1125-newTest,7.00970874,512,515,1.3592233009709,0.51571429,3.61,"Website Purchases",3.61,6,2,2,1,1,1,1,7,1,49,13.5734072,2018-11-29,2018-11-29
US_ERLadct30-1%_1129-aha,2018-11-29,23843065433680116,active,adset,,ERL2-shopify-1129-AddtoCart-Test,17.40331492,181,181,5.524861878453,0.315,3.15,"Website Purchases",,7,,,,,,,10,,,,2018-11-29,2018-11-29
"SG_shopping_1113 - ahaold - schedule 4",2018-11-16,23843041189620116,inactive,adset,,ERL2-shopify-1111-SGbasiccopy,7.58530184,378,381,1.3123359580052,0.578,2.89,"Website Purchases",,5,,,,,,,5,,,,2018-11-16,2018-11-16
US_ERLadct30d-1%Noover_1203-aha,2018-12-03,23843070503560116,inactive,adset,,ERL2-shopify-1203-structure-US,15.96590909,175,176,3.4090909090909,0.46833333,2.81,"Website Purchases",,5,,,,,,,6,,,,2018-12-03,2018-12-03
EUgood_ERLvisitors30d_1203,2018-12-03,23843070488340116,active,adset,,ERL2-shopify-1129-retarget,10.68062827,181,191,3.1413612565445,0.34,2.04,"Website Purchases",,5,,,,,,,6,,,,2018-12-03,2018-12-03
SG_ERLvisitors30d_1203,2018-12-03,23843070490210116,active,adset,,ERL2-shopify-1129-retarget,10.20725389,183,193,2.5906735751295,0.394,1.97,"Website Purchases",,4,,,,,,,5,,,,2018-12-03,2018-12-03
"SG_shopping_1112 - aha1110 - Copy 2",2018-11-27,23843038817540116,inactive,adset,,ERL2-shopify-1111-SGbasiccopy,7.36641221,261,262,0.76335877862595,0.965,1.93,"Website Purchases",,2,1,1,,,,,2,,,,2018-11-27,2018-11-27
"EUgood_indie1%_1125 - aha1 - Copy 21",2018-11-27,23843059969100116,inactive,adset,,ERL2-shopify-1123-EUbasicopy,9.67032967,182,182,1.0989010989011,0.88,1.76,"Website Purchases",,2,,,,,,,2,,,,2018-11-27,2018-11-27
EUgood_indie1%_only_1204-24-55,2018-12-04,23843071873490116,active,adset,,ERL2-shopify-1204-EUtest-cross2,8.64705882,169,170,2.3529411764706,0.3675,1.47,"Website Purchases",,3,,,,,,,4,,,,2018-12-04,2018-12-04
EUgood_ERLpurchase2%_only_1204-24-55,2018-12-04,23843071873500116,active,adset,,ERL2-shopify-1204-EUtest-cross2,11.45631068,103,103,0.97087378640777,1.18,1.18,"Website Purchases",,1,,,,,,,1,,,,2018-12-04,2018-12-04
SG_SportsXheadphones_1204-24-55,2018-12-04,23843071822920116,active,adset,,ERL2-shopify-1204-structure-SG,7.24137931,140,145,,,1.05,"Website Purchases",,,,,,,,,,,,,2018-12-04,2018-12-04
US_ERLvisitors30d_1129-earpic,2018-11-29,23843065437030116,active,adset,,ERL2-shopify-1129-retarget,32.5,32,32,3.125,1.04,1.04,"Website Purchases",,1,,,,,,,1,,,,2018-11-29,2018-11-29
"SG_shopping_1111 - aha1110 - Copy",2018-11-27,23843037512270116,inactive,adset,,ERL2-shopify-1111-SGbasiccopy,7.48148148,135,135,1.4814814814815,0.505,1.01,"Website Purchases",,2,,,,,,,2,,,,2018-11-27,2018-11-27
EUgood_adct30d2%_only_1204-24-55,2018-12-04,23843071894850116,active,adset,,ERL2-shopify-1204-EUtest-cross2,6.875,144,144,1.3888888888889,0.495,0.99,"Website Purchases",,2,,,,,,,2,,,,2018-12-04,2018-12-04
US_adct1%_only_1204-24-55,2018-12-04,23843071934700116,active,adset,,ERL2-shopify-1204-CrossEx-US,15.64516129,62,62,4.8387096774194,0.32333333,0.97,"Website Purchases",,3,,,,,,,3,,,,2018-12-04,2018-12-04
EUgood_topvisit1%_only_1204-24-55,2018-12-04,23843071895290116,active,adset,,ERL2-shopify-1204-EUtest-cross2,8.77358491,106,106,4.7169811320755,0.186,0.93,"Website Purchases",,4,,,,,,,5,,,,2018-12-04,2018-12-04
SG_AdoptersXheadphones_1204-24-55,2018-12-04,23843071820930116,active,adset,,ERL2-shopify-1204-structure-SG,6.82170543,128,129,1.5503875968992,0.44,0.88,"Website Purchases",,2,,,,,,,2,,,,2018-12-04,2018-12-04
SG_headphoneOnly_1204-24-55,2018-12-04,23843071809040116,active,adset,,ERL2-shopify-1204-structure-SG,6.55172414,114,116,,,0.76,"Website Purchases",,,,,,,,,,,,,2018-12-04,2018-12-04
SG_SporswearOnly_1204-24-55,2018-12-04,23843071812820116,active,adset,,ERL2-shopify-1204-structure-SG,6.56565657,99,99,,,0.65,"Website Purchases",,,,,,,,,,,,,2018-12-04,2018-12-04
"SG_ERLpurchase1%_1123 - ahaold - schedule",2018-11-27,23843057853130116,inactive,adset,,ERL2-shopify-1111-SGbasiccopy,8.75,56,56,,,0.49,"Website Purchases",,,,,,,,,,,,,2018-11-27,2018-11-27
SG_AdoptersXSports_1204-24-55,2018-12-04,23843071813880116,active,adset,,ERL2-shopify-1204-structure-SG,5.38461538,49,52,,,0.28,"Website Purchases",,,,,,,,,,,,,2018-12-04,2018-12-04
SG_AdoptersOnly_1204-24-55,2018-12-04,23843071813370116,active,adset,,ERL2-shopify-1204-structure-SG,5.41666667,48,48,4.1666666666667,0.13,0.26,"Website Purchases",,2,,,,,,,2,,,,2018-12-04,2018-12-04
"SG_earlyadopter_1127 - ahaold - Copy",2018-11-30,23843062733180116,inactive,adset,,ERL2-shopify-1125-newTest,23.33333333,9,9,,,0.21,"Website Purchases",,,,,,,,,,,,,2018-11-30,2018-11-30
"SG_sport_1129 - ahaold",2018-12-01,23843065456270116,inactive,adset,,ERL2-shopify-1125-newTest,4.22222222,43,45,,,0.19,"Website Purchases",,,,,,,,,,,,,2018-12-01,2018-12-01
US_ERLpurchase3%Noover_1203-aha,2018-12-04,23843070500090116,inactive,adset,,ERL2-shopify-1203-structure-US,28,5,5,,,0.14,"Website Purchases",,,,,,,,,,,,,2018-12-04,2018-12-04
US_indie1%_only_1204-24-55,2018-12-04,23843071933880116,active,adset,,ERL2-shopify-1204-CrossEx-US,12.72727273,11,11,,,0.14,"Website Purchases",,,,,,,,,,,,,2018-12-04,2018-12-04
"EUgood_indie1%only_1127 - aha1",2018-11-29,23843062696500116,inactive,adset,,ERL2-shopify-1123-EUbasicopy,9.28571429,14,14,7.1428571428571,0.13,0.13,"Website Purchases",,1,,,,,,,1,,,,2018-11-29,2018-11-29
SG_ERLadct30-1%_only_1129-aha,2018-12-02,23843065434350116,inactive,adset,,ERL2-shopify-1129-AddtoCart-Test,9.23076923,13,13,,,0.12,"Website Purchases",,,,,,,,,,,,,2018-12-02,2018-12-02
"US_ERLpurchase1%_1111 - feature - Copy",2018-11-14,23843037514000116,inactive,adset,,ERL2-shopify-1029-Lookalike1%-test,20,4,4,,,0.08,"Website Purchases",,,,,,,,,,,,,2018-11-14,2018-11-14
ID_adopter_engaged_1128,2018-11-29,23843063926950116,inactive,adset,,ERL2-shopify-1029-SouthEastAsia-test,2.58064516,31,31,,,0.08,"Website Purchases",,,,,,,,,,,,,2018-11-29,2018-11-29
"UK_ERLpurchase1%_1112 - feature",2018-11-14,23843039109070116,inactive,adset,,ERL2-shopify-1029-Lookalike1%-test,4.375,16,16,,,0.07,"Website Purchases",,,,,,,,,,,,,2018-11-14,2018-11-14
"SG_shopping_1128 - ahaold-gif",2018-11-30,23843063811640116,inactive,adset,,ERL2-shopify-1125-newTest,17.5,4,4,,,0.07,"Website Purchases",,,,,,,,,,,,,2018-11-30,2018-11-30
"EUgood_indie1%_1127 - aha1 - Copy 21",2018-11-29,23843062694710116,inactive,adset,,ERL2-shopify-1123-EUbasicopy,10,5,5,,,0.05,"Website Purchases",,,,,,,,,,,,,2018-11-29,2018-11-29
US_ERLpurchase3%_only_1204-24-55,2018-12-04,23843071930510116,active,adset,,ERL2-shopify-1204-CrossEx-US,12.5,4,4,,,0.05,"Website Purchases",,,,,,,,,,,,,2018-12-04,2018-12-04
"SG_shopping_1112 - aha1110-INS",2018-11-14,23843039159140116,inactive,adset,,ERL2-shopify-test-1019,3.63636364,11,11,,,0.04,"Website Purchases",,,,,,,,,,,,,2018-11-14,2018-11-14
"US_sportEquip_1201 - ahaold-newpic",2018-12-02,23843067857640116,inactive,adset,,ERL2-shopify-1201-sportEquitTest,30,1,1,,,0.03,"Website Purchases",,,,,,,,,,,,,2018-12-02,2018-12-02
"EUgood_indie1%_1127 - aha1 - Copy 21",2018-11-29,23843062694660116,inactive,adset,,ERL2-shopify-1123-EUbasicopy,4.28571429,7,7,,,0.03,"Website Purchases",,,,,,,,,,,,,2018-11-29,2018-11-29
"MX_ERLpurchase1%_1112 - feature",2018-11-14,23843039112620116,inactive,adset,,ERL2-shopify-1029-Lookalike1%-test,0.90909091,33,33,,,0.03,"Website Purchases",,,,,,,,,,,,,2018-11-14,2018-11-14
"SG_engaged_1112 - aha1110",2018-11-14,23843039158860116,inactive,adset,,ERL2-shopify-test-1019,2.5,8,8,,,0.02,"Website Purchases",,,,,,,,,,,,,2018-11-14,2018-11-14
ID_adopter_engaged_1128-earpic,2018-11-29,23843063371980116,inactive,adset,,ERL2-shopify-1029-SouthEastAsia-test,0.625,32,32,6.25,0.01,0.02,"Website Purchases",,,,,,,,,2,,,,2018-11-29,2018-11-29
"ID_ERLpurchase1%_engaged_1128 - feature",2018-11-29,23843063743690116,inactive,adset,,ERL2-shopify-1029-SouthEastAsia-test,1.05263158,19,19,,,0.02,"Website Purchases",,,,,,,,,,,,,2018-11-29,2018-11-29
US_ERLpurchase3%Noover_1203-aha,2018-12-03,23843070500090116,inactive,adset,,ERL2-shopify-1203-structure-US,10,2,2,,,0.02,"Website Purchases",,,,,,,,,,,,,2018-12-03,2018-12-03
"EUgood_headphone&brands_1130 - aha1",2018-12-02,23843066311820116,inactive,adset,,ERL2-shopify-1130-EUtest,3.33333333,3,3,,,0.01,"Website Purchases",,,,,,,,,,,,,2018-12-02,2018-12-02
"KR_indiegogo1%_1126 - aha",2018-11-27,23843060333630116,inactive,adset,,ERL2-shopify-test-1019,5,2,2,50,0.01,0.01,"Website Purchases",,1,,,,,,,1,,,,2018-11-27,2018-11-27
"SG_shopping_1112 - aha1110 - Copy 2",2018-11-18,23843038817540116,inactive,adset,,ERL2-shopify-1111-SGbasiccopy,0,6,6,,,0,"Website Purchases",,,,,,,,,,,,,2018-11-18,2018-11-18
"SG_shopping_1111 - aha1110 - Copy",2018-11-18,23843037512240116,inactive,adset,,ERL2-shopify-1111-SGbasiccopy,0,4,4,,,0,"Website Purchases",,,,,,,,,,,,,2018-11-18,2018-11-18
"SG_shopping_1113 - ahaold - Copy 4",2018-11-18,23843041171310116,not_delivering,adset,,ERL2-shopify-1111-SGbasiccopy,0,4,4,,,0,"Website Purchases",,,,,,,,,,,,,2018-11-18,2018-11-18
US_ERLpurchase2%_1113-ahaold,2018-11-18,23843041211550116,inactive,adset,,ERL2-shopify-1113-Lookalike2%-test,0,1,1,,,0,"Website Purchases",,,,,,,,,,,,,2018-11-18,2018-11-18
"SG_shopping_1113 - ahaold - Copy 3",2018-11-18,23843041171340116,not_delivering,adset,,ERL2-shopify-1111-SGbasiccopy,0,2,2,,,0,"Website Purchases",,,,,,,,,,,,,2018-11-18,2018-11-18
"SG_shopping_1111 - aha1110 - Copy",2018-11-18,23843037512270116,inactive,adset,,ERL2-shopify-1111-SGbasiccopy,0,3,3,,,0,"Website Purchases",,,,,,,,,,,,,2018-11-18,2018-11-18
